symbol,time,recent_message_type,bid_no_of_order,bid_quantity,bid_price,ask_price,ask_quantity,ask_no_of_order
GARAN,1572850800134107649,A,4,50022,9.39,9.4,320457,3
GARAN,1572850800173950712,E,7,6776,9.38,9.4,320457,3
GARAN,1572850800173950712,A,7,6776,9.38,9.39,49978,1
GARAN,1572850800174367602,E,7,6776,9.38,9.4,320457,3
GARAN,1572850800381229878,A,7,6776,9.38,9.39,2500,1
GARAN,1572850800854369448,E,8,10076,9.38,9.4,320435,3
GARAN,1572850800889798572,A,7,10061,9.38,9.39,500,1
GARAN,1572850800899346820,E,7,10061,9.38,9.4,300440,4
GARAN,1572850800905405349,A,7,10061,9.38,9.39,10,1
GARAN,1572850800983020004,E,6,10011,9.38,9.4,295950,5
GARAN,1572850800984487027,A,1,10,9.39,9.4,197783,7
GARAN,1572850800985314807,E,6,10011,9.38,9.4,197983,8
GARAN,1572850800985314807,A,6,10011,9.38,9.39,100,1
GARAN,1572850800985698054,E,6,10011,9.38,9.4,197983,8
GARAN,1572850801072578989,A,1,7500,9.39,9.4,167977,7
GARAN,1572850801307304023,E,7,15011,9.38,9.4,243807,9
GARAN,1572850801307304023,A,7,15011,9.38,9.39,92600,1
GARAN,1572850801307738880,E,7,15011,9.38,9.4,243807,9
GARAN,1572850801307738880,A,1,4932,9.39,9.4,243807,9
GARAN,1572850803518904898,E,6,38037,9.39,9.41,342321,20
GARAN,1572850803518904898,A,1,5656,9.4,9.41,342321,20
GARAN,1572850803519086436,E,6,38037,9.39,9.41,342321,20
GARAN,1572850803519086436,A,6,38037,9.39,9.4,1844,1
GARAN,1572850803785165323,E,6,38037,9.39,9.41,342321,20
GARAN,1572850803785165323,A,1,156,9.4,9.41,342321,20
GARAN,1572850803785507780,E,6,38037,9.39,9.41,342321,20
GARAN,1572850803785697269,A,6,38037,9.39,9.4,7500,1
GARAN,1572850804014369703,E,6,38037,9.39,9.41,342321,20
GARAN,1572850804398528269,A,1,400,9.4,9.41,342321,20
GARAN,1572850825387746887,E,6,37861,9.39,9.41,357831,22
GARAN,1572850825388072137,A,6,37861,9.39,9.4,7500,1
GARAN,1572850894752120527,E,12,18298,9.38,9.4,216447,16
GARAN,1572850894752120527,A,12,18298,9.38,9.39,18890,1
GARAN,1572850923919761369,E,19,226333,9.37,9.39,117038,11
GARAN,1572850923919761369,A,19,226333,9.37,9.38,1434,1
GARAN,1572850924121550114,E,20,233833,9.37,9.39,110589,11
GARAN,1572850924121782475,A,1,7500,9.38,9.39,110589,11
GARAN,1572850926020923033,E,20,233833,9.37,9.39,110820,11
GARAN,1572850926020923033,A,20,233833,9.37,9.38,30769,1
GARAN,1572850945391780732,E,14,212570,9.37,9.39,84820,9
GARAN,1572850945392001624,A,1,7500,9.38,9.39,84820,9
GARAN,1572850946803651891,E,14,212570,9.37,9.39,84820,9
GARAN,1572850946803651891,A,14,212570,9.37,9.38,2500,1
GARAN,1572850986930259345,E,17,254360,9.37,9.39,107039,13
GARAN,1572850986930747229,A,1,7500,9.38,9.39,107039,13
GARAN,1572850988351856488,E,18,207919,9.37,9.39,107039,13
GARAN,1572850988351856488,A,18,207919,9.37,9.38,19264,1
GARAN,1572850988483557532,E,18,207919,9.37,9.39,107039,13
GARAN,1572850988483807839,A,1,7500,9.38,9.39,102581,12
GARAN,1572851016972333795,E,18,199599,9.37,9.39,116359,15
GARAN,1572851016972498493,A,18,199599,9.37,9.38,5000,1
GARAN,1572851019343671036,E,19,201210,9.37,9.39,116359,15
GARAN,1572851019343671036,A,1,96109,9.38,9.39,116359,15
GARAN,1572851051649520806,E,10,159809,9.38,9.4,99922,25
GARAN,1572851051649780961,A,1,7500,9.39,9.4,99922,25
GARAN,1572851155279296173,E,14,153038,9.38,9.4,209397,41
GARAN,1572851155279708623,A,14,153038,9.38,9.39,7500,1
GARAN,1572851186988927197,E,23,193265,9.37,9.39,190333,9
GARAN,1572851186988927197,A,23,193265,9.37,9.38,38227,1
GARAN,1572851209331159043,E,22,191465,9.37,9.39,191896,11
GARAN,1572851209331401148,A,1,7500,9.38,9.39,191896,11
GARAN,1572851213274785501,E,21,191365,9.37,9.39,203896,12
GARAN,1572851213274785501,A,21,191365,9.37,9.38,77351,1
GARAN,1572851272949323415,E,24,186346,9.37,9.39,204896,13
GARAN,1572851272949323415,A,1,417,9.38,9.39,204896,13
GARAN,1572851497563121055,E,22,181862,9.38,9.4,307576,67
GARAN,1572851497563121055,A,22,181862,9.38,9.39,4,1
GARAN,1572851497563389054,E,22,181862,9.38,9.4,307576,67
GARAN,1572851497563524879,A,1,7500,9.39,9.4,307576,67
GARAN,1572851514274569679,E,11,172990,9.39,9.41,149456,35
GARAN,1572851514274569679,A,1,1429,9.4,9.41,149456,35
GARAN,1572851514274620769,E,11,172990,9.39,9.41,149456,35
GARAN,1572851514274620769,A,11,172990,9.39,9.4,23571,1
GARAN,1572851514426498399,E,12,187570,9.39,9.41,156956,36
GARAN,1572851519456147448,A,1,5000,9.4,9.41,156956,36
GARAN,1572851524073129225,E,10,153680,9.4,9.42,121719,36
GARAN,1572851524073129225,A,1,127878,9.41,9.42,121719,36
GARAN,1572851557066056652,E,9,117628,9.4,9.42,129963,19
GARAN,1572851557066227243,A,9,117628,9.4,9.41,7500,1
GARAN,1572851637860174110,E,14,144242,9.4,9.42,126688,25
GARAN,1572851637860174110,A,1,89158,9.41,9.42,126688,25
GARAN,1572851738283293177,E,17,107737,9.41,9.43,180549,25
GARAN,1572851738283293177,A,1,9378,9.42,9.43,180549,25
GARAN,1572851738285095087,E,17,107737,9.41,9.43,188049,26
GARAN,1572851738285095087,A,17,107737,9.41,9.42,622,1
GARAN,1572851741692518131,E,18,115237,9.41,9.43,191049,27
GARAN,1572851741692518131,A,1,69282,9.42,9.43,191049,27
GARAN,1572851742306874756,E,17,101049,9.41,9.43,191049,27
GARAN,1572851742307102670,A,17,101049,9.41,9.42,7500,1
GARAN,1572851742527141173,E,18,101422,9.41,9.43,191049,27
GARAN,1572851742527552406,A,1,7500,9.42,9.43,191049,27
GARAN,1572851742527694294,E,18,101422,9.41,9.43,191049,27
GARAN,1572851742649717595,A,1,10766,9.42,9.43,191049,27
GARAN,1572851742778080758,D,20,112561,9.41,9.43,191049,27
GARAN,1572851743430751968,A,1,500,9.42,9.43,191049,27
GARAN,1572851743430878094,E,17,100591,9.41,9.43,191049,27
GARAN,1572851744798468214,A,17,100591,9.41,9.42,1326,1
GARAN,1572851747517652102,E,18,118165,9.41,9.43,191049,27
GARAN,1572851747517652102,A,1,42774,9.42,9.43,191049,27
GARAN,1572851780933753521,E,18,120899,9.42,9.44,120056,37
GARAN,1572851780933753521,A,1,20654,9.43,9.44,120056,37
GARAN,1572851864656669864,E,13,82105,9.42,9.44,322179,43
GARAN,1572851864656844396,A,13,82105,9.42,9.43,7500,1
GARAN,1572851935885276456,E,9,48117,9.41,9.43,119387,33
GARAN,1572851935885616339,A,9,48117,9.41,9.42,4112,1
GARAN,1572851994057772641,E,17,87488,9.4,9.42,20424,15
GARAN,1572851994058246957,A,1,4500,9.41,9.42,20424,15
GARAN,1572851994810923137,E,3,13483,9.41,9.43,116664,33
GARAN,1572851994810923137,A,1,80154,9.42,9.43,116664,33
GARAN,1572852143104623898,E,4,17424,9.41,9.43,124588,54
GARAN,1572852143104857350,A,4,17424,9.41,9.42,7500,1
GARAN,1572852173539729018,E,4,25854,9.41,9.43,114945,45
GARAN,1572852173539729018,A,1,80393,9.42,9.43,114945,45
GARAN,1572852177608995883,E,5,30775,9.41,9.43,115493,46
GARAN,1572852177609075223,A,5,30775,9.41,9.42,24613,1
GARAN,1572852183172607524,E,4,25712,9.41,9.43,114945,45
GARAN,1572852183172607524,A,1,8859,9.42,9.43,114945,45
GARAN,1572852198701010639,E,6,31087,9.41,9.43,118662,47
GARAN,1572852198701175687,A,6,31087,9.41,9.42,7500,1
GARAN,1572852198876631593,E,7,48078,9.41,9.43,117270,46
GARAN,1572852198876631593,A,1,1180,9.42,9.43,117270,46
GARAN,1572852198876778551,E,7,48078,9.41,9.43,117270,46
GARAN,1572852198942734699,A,6,30490,9.41,9.42,7500,1
GARAN,1572852329194233395,E,7,25163,9.41,9.43,129414,48
GARAN,1572852329194233395,A,1,39432,9.42,9.43,129414,48
GARAN,1572852803048595253,E,12,80044,9.41,9.43,139449,48
GARAN,1572852803344591627,A,1,3827,9.42,9.43,147174,50
GARAN,1572852803344675056,E,12,80044,9.41,9.43,147174,50
GARAN,1572852803344787040,A,1,7500,9.42,9.43,147174,50
GARAN,1572852803380064823,E,12,80044,9.41,9.43,147174,50
GARAN,1572852803380064823,A,12,80044,9.41,9.42,9155,1
GARAN,1572852835084355400,E,13,97883,9.41,9.43,137464,48
GARAN,1572852835084682594,A,1,7500,9.42,9.43,137464,48
GARAN,1572852853672279156,E,14,100129,9.41,9.43,144156,51
GARAN,1572852853672279156,A,14,100129,9.41,9.42,5781,1
GARAN,1572852911352770168,E,14,99398,9.41,9.43,138392,52
GARAN,1572852911353127921,A,1,7500,9.42,9.43,138392,52
GARAN,1572852913423114996,E,16,106136,9.41,9.43,138392,52
GARAN,1572852913423114996,A,16,106136,9.41,9.42,10387,1
GARAN,1572853117135038305,E,20,110316,9.41,9.43,145816,51
GARAN,1572853117135627305,A,1,7500,9.42,9.43,145816,51
GARAN,1572853117136198142,E,20,110316,9.41,9.43,145816,51
GARAN,1572853117136198142,A,20,110316,9.41,9.42,500,1
GARAN,1572853117136880671,E,22,119525,9.41,9.43,145816,51
GARAN,1572853117137096348,A,1,7500,9.42,9.43,145816,51
GARAN,1572853117137188942,E,20,110316,9.41,9.43,147816,52
GARAN,1572853117137188942,A,20,110316,9.41,9.42,10800,1
GARAN,1572853117137533056,E,20,110316,9.41,9.43,147816,52
GARAN,1572853117137662766,A,1,7500,9.42,9.43,147816,52
GARAN,1572853119476942782,E,21,116701,9.41,9.43,151700,53
GARAN,1572853119476942782,A,21,116701,9.41,9.42,2588,1
GARAN,1572853430150669888,E,22,72962,9.41,9.43,147672,49
GARAN,1572853430150669888,A,22,72962,9.41,9.42,1,1
GARAN,1572853430151320211,E,22,72962,9.41,9.43,147672,49
GARAN,1572853430151320211,A,1,5499,9.42,9.43,147672,49
GARAN,1572853430271266338,E,23,101385,9.41,9.43,147672,49
GARAN,1572853430271266338,A,23,101385,9.41,9.42,141,1
GARAN,1572853430271453001,E,23,101385,9.41,9.43,147672,49
GARAN,1572853430670709748,A,23,79300,9.41,9.42,7500,1
GARAN,1572853544181429190,E,25,97615,9.4,9.42,116605,13
GARAN,1572853544989139779,A,25,97615,9.4,9.41,15000,1
GARAN,1572853570470659909,E,26,106421,9.4,9.42,106846,14
GARAN,1572853570471074341,A,1,7500,9.41,9.42,106846,14
GARAN,1572853703285672950,E,13,111976,9.41,9.43,177172,50
GARAN,1572853703285672950,A,1,1924,9.42,9.43,177172,50
GARAN,1572853703287785910,E,13,111976,9.41,9.43,177172,50
GARAN,1572853703287785910,A,13,111976,9.41,9.42,576,1
GARAN,1572853703287940918,E,13,111976,9.41,9.43,177172,50
GARAN,1572853703395445400,A,1,1,9.42,9.43,177172,50
GARAN,1572853718424451963,E,9,51954,9.41,9.43,180989,51
GARAN,1572853718424451963,A,1,1,9.42,9.43,180989,51
GARAN,1572853718424753055,E,9,51954,9.41,9.43,180989,51
GARAN,1572853718424992057,A,9,51954,9.41,9.42,7500,1
GARAN,1572853789221794598,E,15,84507,9.41,9.43,178190,52
GARAN,1572853794629537416,A,14,76507,9.41,9.42,100,1
GARAN,1572853797417375391,E,15,79840,9.41,9.43,181189,53
GARAN,1572853814147073247,A,15,78792,9.41,9.42,123,1
GARAN,1572853852539987440,E,15,79727,9.41,9.43,178243,55
GARAN,1572853867709678681,A,15,78784,9.41,9.42,45,1
GARAN,1572854499467639131,D,17,77225,9.41,9.43,178395,62
GARAN,1572854499467639131,A,17,77225,9.41,9.42,3,1
GARAN,1572854499468071633,D,17,77225,9.41,9.43,178395,62
GARAN,1572854499468071633,A,17,77225,9.41,9.42,3,1
GARAN,1572854499468229149,D,18,103488,9.41,9.43,178395,62
GARAN,1572854499468229149,A,18,103488,9.41,9.42,3,1
GARAN,1572854499468498104,E,19,103744,9.41,9.43,178395,62
GARAN,1572854499468498104,A,19,103744,9.41,9.42,3,1
GARAN,1572854499468550748,E,19,103744,9.41,9.43,178395,62
GARAN,1572854499944373440,A,1,3,9.42,9.43,182115,63
GARAN,1572854520300894372,E,18,81790,9.41,9.43,181824,62
GARAN,1572854520300894372,A,1,3,9.42,9.43,181824,62
GARAN,1572854520322690055,E,18,81790,9.41,9.43,181824,62
GARAN,1572854521312661875,A,1,3000,9.42,9.43,181824,62
GARAN,1572854521312887027,E,19,81710,9.41,9.43,181824,62
GARAN,1572854521533461222,A,19,81710,9.41,9.42,1000,1
GARAN,1572854522213384812,E,18,77574,9.41,9.43,178104,61
GARAN,1572854522213384812,A,1,280,9.42,9.43,178104,61
GARAN,1572854522213944044,E,18,77574,9.41,9.43,178104,61
GARAN,1572854531500294603,A,1,10000,9.42,9.43,181071,62
GARAN,1572854531658782075,E,19,81924,9.41,9.43,181071,62
GARAN,1572854559029067253,A,1,200,9.42,9.43,191066,63
GARAN,1572854559029219376,E,20,86124,9.41,9.43,191066,63
GARAN,1572854566992891606,A,1,100,9.42,9.43,191066,63
GARAN,1572854566993015445,E,20,86124,9.41,9.43,191066,63
GARAN,1572854569500559983,A,1,900,9.42,9.43,191064,63
GARAN,1572854619948806390,E,19,81285,9.41,9.43,181013,66
GARAN,1572854619949227356,A,19,81285,9.41,9.42,24613,1
GARAN,1572854630776357066,E,18,76607,9.41,9.43,181245,67
GARAN,1572854630776357066,A,1,196085,9.42,9.43,181245,67
GARAN,1572854715936928305,E,10,207048,9.42,9.44,408115,65
GARAN,1572854715936928305,A,1,774,9.43,9.44,408115,65
GARAN,1572854715937379734,E,10,207048,9.42,9.44,408115,65
GARAN,1572854715937379734,A,10,207048,9.42,9.43,1226,1
GARAN,1572854715937451662,E,10,207048,9.42,9.44,408115,65
GARAN,1572854715937912276,A,1,1226,9.43,9.44,408115,65
GARAN,1572854716087959550,E,8,200680,9.42,9.44,407938,65
GARAN,1572854716087959550,A,8,200680,9.42,9.43,1000,1
GARAN,1572854722068583229,E,8,200680,9.42,9.44,409937,65
GARAN,1572854722068583229,A,1,13152,9.43,9.44,409937,65
GARAN,1572854951812368459,E,22,191206,9.43,9.45,269203,95
GARAN,1572854951812779847,A,1,24613,9.44,9.45,269203,95
GARAN,1572854972621576487,E,18,117283,9.43,9.45,195549,73
GARAN,1572854972621576487,A,1,1,9.44,9.45,195549,73
GARAN,1572854972632330473,E,18,117283,9.43,9.45,195549,73
GARAN,1572854972632352636,A,18,117283,9.43,9.44,3000,1
GARAN,1572854974258360562,E,22,150370,9.43,9.45,191829,72
GARAN,1572854975041023011,A,1,5000,9.44,9.45,187823,71
GARAN,1572854975276340307,E,20,125504,9.43,9.45,187823,71
GARAN,1572854975357278289,A,1,2259,9.44,9.45,187823,71
GARAN,1572854976181686183,E,20,125504,9.43,9.45,187823,71
GARAN,1572854980431342068,A,21,125534,9.43,9.44,25,1
GARAN,1572854980431459216,E,21,125534,9.43,9.45,187823,71
GARAN,1572854980938841754,A,1,50,9.44,9.45,187823,71
GARAN,1572854980938943728,E,21,125534,9.43,9.45,187823,71
GARAN,1572854981659319973,A,1,2500,9.44,9.45,187790,71
GARAN,1572854983179744724,E,21,125534,9.43,9.45,187840,72
GARAN,1572854984995394213,A,1,1000,9.44,9.45,187807,72
GARAN,1572854985000617927,E,22,126534,9.43,9.45,187807,72
GARAN,1572854985082077558,A,22,126534,9.43,9.44,1,1
GARAN,1572854986527045121,E,22,128638,9.43,9.45,187809,73
GARAN,1572854986527045121,A,1,9974,9.44,9.45,187809,73
GARAN,1572854994897090280,E,21,126177,9.43,9.45,188493,74
GARAN,1572854994966320334,A,1,2406,9.44,9.45,188493,74
GARAN,1572854994966461330,E,20,118184,9.43,9.45,188493,74
GARAN,1572854998131029372,A,21,123841,9.43,9.44,10,1
GARAN,1572854998215563860,E,21,123841,9.43,9.45,188493,74
GARAN,1572854998215563860,A,1,144990,9.44,9.45,188493,74
GARAN,1572855036280663045,E,19,113128,9.43,9.45,198146,76
GARAN,1572855036346746629,A,1,2525,9.44,9.45,182149,69
GARAN,1572855036346871439,E,19,113128,9.43,9.45,182149,69
GARAN,1572855036403703726,A,1,9716,9.44,9.45,179660,69
GARAN,1572855036403913820,E,19,113128,9.43,9.45,179660,69
GARAN,1572855036458542278,A,1,2391,9.44,9.45,179660,69
GARAN,1572855038284402022,E,20,116329,9.43,9.45,179660,69
GARAN,1572855038284402022,A,20,116329,9.43,9.44,109,1
GARAN,1572855038284554021,E,20,116329,9.43,9.45,179660,69
GARAN,1572855040689428091,A,20,116329,9.43,9.44,1,1
GARAN,1572855040689584981,E,20,116329,9.43,9.45,179660,69
GARAN,1572855041998855941,A,1,630,9.44,9.45,179670,70
GARAN,1572855050250393556,E,20,116329,9.43,9.45,180170,72
GARAN,1572855050250393556,A,20,116329,9.43,9.44,29838,1
GARAN,1572855144955167192,E,11,97245,9.43,9.45,175395,74
GARAN,1572855144955167192,A,1,136196,9.44,9.45,175395,74
GARAN,1572855242800700249,E,13,218682,9.44,9.46,200420,41
GARAN,1572855242800700249,A,1,28428,9.45,9.46,200420,41
GARAN,1572855340889340159,E,11,184969,9.44,9.46,124115,29
GARAN,1572855340889340159,A,11,184969,9.44,9.45,24854,1
GARAN,1572855348079696636,E,13,196346,9.44,9.46,116671,28
GARAN,1572855348080211267,A,1,7500,9.45,9.46,116671,28
GARAN,1572855398978153512,E,13,213843,9.44,9.46,138631,30
GARAN,1572855398978750101,A,13,213843,9.44,9.45,7500,1
GARAN,1572855530319385283,E,13,51204,9.43,9.45,82904,26
GARAN,1572855530357560158,A,1,7500,9.44,9.45,69932,24
GARAN,1572855639888688925,E,15,69811,9.43,9.45,84884,18
GARAN,1572855639888688925,A,15,69811,9.43,9.44,15189,1
GARAN,1572855639889029576,E,15,69811,9.43,9.45,84884,18
GARAN,1572855639889222471,A,1,7500,9.44,9.45,84884,18
GARAN,1572855671256580858,E,8,74918,9.44,9.46,111549,28
GARAN,1572855671256580858,A,8,74918,9.44,9.45,2,1
GARAN,1572855671257224835,E,8,74918,9.44,9.46,111549,28
GARAN,1572855671257224835,A,1,22601,9.45,9.46,111549,28
GARAN,1572855671337569673,E,10,108222,9.44,9.46,113549,29
GARAN,1572855671337569673,A,10,108222,9.44,9.45,18199,1
GARAN,1572855671337733953,E,10,108222,9.44,9.46,113549,29
GARAN,1572855671337874643,A,1,7500,9.45,9.46,113549,29
GARAN,1572855671415279565,E,9,106202,9.44,9.46,106433,24
GARAN,1572855671481406768,A,1,4,9.45,9.46,106433,24
GARAN,1572855775467184871,E,8,122846,9.44,9.46,121439,31
GARAN,1572855775467184871,A,1,4,9.45,9.46,121439,31
GARAN,1572855775467377408,E,8,122846,9.44,9.46,121439,31
GARAN,1572855775467475453,A,8,122846,9.44,9.45,7500,1
GARAN,1572855776386595372,E,15,69811,9.43,9.45,59780,5
GARAN,1572855776387218674,A,1,4300,9.44,9.45,59780,5
GARAN,1572855776409267372,E,15,69811,9.43,9.45,60028,6
GARAN,1572855782318053705,A,15,69811,9.43,9.44,113,1
GARAN,1572855793038288403,E,15,82812,9.43,9.45,57568,9
GARAN,1572855794142609506,A,15,83045,9.43,9.44,30000,1
GARAN,1572855854030744215,E,16,73093,9.43,9.45,75073,11
GARAN,1572855854030744215,A,1,70000,9.44,9.45,75073,11
GARAN,1572856428573505779,E,18,62082,9.43,9.45,159724,45
GARAN,1572856428573505779,A,1,70000,9.44,9.45,159724,45
GARAN,1572856769906071890,E,19,69082,9.43,9.45,269553,42
GARAN,1572856769906071890,A,19,69082,9.43,9.44,793,1
GARAN,1572856798469850044,E,22,94728,9.43,9.45,255092,40
GARAN,1572856798469850044,A,22,94728,9.43,9.44,1,1
GARAN,1572856798470261552,E,23,111011,9.43,9.45,255092,40
GARAN,1572856798470261552,A,1,7497,9.44,9.45,255092,40
GARAN,1572856798550948955,D,23,111011,9.43,9.45,255085,40
GARAN,1572856798588773968,A,1,1,9.44,9.45,255085,40
GARAN,1572856806083020271,E,23,99030,9.43,9.45,255285,41
GARAN,1572856806454855422,A,1,10000,9.44,9.45,255285,41
GARAN,1572856807410407068,E,21,82359,9.43,9.45,255285,41
GARAN,1572856807410694986,A,21,82359,9.43,9.44,7500,1
GARAN,1572856827627449059,E,22,100852,9.43,9.45,225785,41
GARAN,1572856827627731446,A,1,7500,9.44,9.45,225785,41
GARAN,1572856939687933014,E,21,75611,9.43,9.45,227045,40
GARAN,1572856939688022000,A,21,75611,9.43,9.44,24613,1
GARAN,1572857029654058818,E,24,98715,9.43,9.45,216473,38
GARAN,1572857029654803396,A,1,7500,9.44,9.45,216473,38
GARAN,1572857106462265526,E,23,82732,9.43,9.45,226772,40
GARAN,1572857106462265526,A,23,82732,9.43,9.44,772,1
GARAN,1572857115830262464,E,23,82732,9.43,9.45,226772,40
GARAN,1572857115830262464,A,1,7497,9.44,9.45,226772,40
GARAN,1572857129698466731,E,24,87816,9.43,9.45,226747,40
GARAN,1572857129698466731,A,24,87816,9.43,9.44,3683,1
GARAN,1572857159083604559,E,24,71481,9.43,9.45,230080,41
GARAN,1572857159083604559,A,1,17,9.44,9.45,230080,41
GARAN,1572857159083851948,E,24,71481,9.43,9.45,230080,41
GARAN,1572857159084082401,A,24,71481,9.43,9.44,7500,1
GARAN,1572857406849104988,E,20,80118,9.42,9.44,39031,11
GARAN,1572857406849395355,A,1,7500,9.43,9.44,39031,11
GARAN,1572857406849485258,E,20,80118,9.42,9.44,39258,12
GARAN,1572857406985199865,A,20,87434,9.42,9.43,3776,1
GARAN,1572857434364454274,E,23,97490,9.42,9.44,31278,11
GARAN,1572857434364546824,A,1,7500,9.43,9.44,31278,11
GARAN,1572857574162867132,E,8,41503,9.43,9.45,115146,44
GARAN,1572857574163187916,A,1,7500,9.44,9.45,115146,44
GARAN,1572857574294192804,D,9,62642,9.43,9.45,115146,44
GARAN,1572857574421946431,A,1,17994,9.44,9.45,115146,44
GARAN,1572857664170127187,E,7,24590,9.43,9.45,134759,51
GARAN,1572857664170127187,A,1,5,9.44,9.45,134759,51
GARAN,1572857664171039908,E,7,24590,9.43,9.45,134936,52
GARAN,1572857664171039908,A,7,24590,9.43,9.44,995,1
GARAN,1572857706393475646,E,25,95252,9.42,9.44,12327,4
GARAN,1572857706394045228,A,1,7500,9.43,9.44,36940,5
GARAN,1572857835352503166,E,6,32147,9.43,9.45,170707,59
GARAN,1572857835352503166,A,1,71711,9.44,9.45,170707,59
GARAN,1572857845876950790,E,4,87845,9.44,9.46,173757,43
GARAN,1572857845876950790,A,1,38950,9.45,9.46,173757,43
GARAN,1572857883742616339,E,7,134278,9.45,9.47,181479,45
GARAN,1572857883742616339,A,1,63361,9.46,9.47,181479,45
GARAN,1572857937902507476,E,10,115657,9.46,9.48,299233,55
GARAN,1572857937902507476,A,1,19619,9.47,9.48,299233,55
GARAN,1572857937905248561,D,12,123414,9.46,9.48,299007,54
GARAN,1572857937905286916,A,12,123414,9.46,9.47,1000,1
GARAN,1572857997836832941,E,8,58821,9.45,9.47,650041,17
GARAN,1572857997836832941,A,1,1,9.46,9.47,650041,17
GARAN,1572857997836951376,E,8,58821,9.45,9.47,650041,17
GARAN,1572857997837941916,A,6,8605,9.45,9.46,7500,1
GARAN,1572857999820610780,D,8,38058,9.45,9.47,650304,19
GARAN,1572857999820910731,A,1,7500,9.46,9.47,650304,19
GARAN,1572858020409349518,E,9,40558,9.45,9.47,656663,17
GARAN,1572858020410253148,A,1,1000,9.46,9.47,656663,17
GARAN,1572858020454747138,E,9,40558,9.45,9.47,658663,18
GARAN,1572858020454747138,A,9,40558,9.45,9.46,17666,1
GARAN,1572858020454968041,E,9,40558,9.45,9.47,658663,18
GARAN,1572858020455159345,A,1,7500,9.46,9.47,658663,18
GARAN,1572858074682346767,E,10,130153,9.46,9.48,562109,60
GARAN,1572858074682346767,A,1,49667,9.47,9.48,562109,60
GARAN,1572858102632460611,E,9,165440,9.47,9.49,191662,45
GARAN,1572858102632875023,A,1,209,9.48,9.49,199162,46
GARAN,1572858102632898199,E,9,165440,9.47,9.49,199162,46
GARAN,1572858102632898199,A,9,165440,9.47,9.48,1791,1
GARAN,1572858102632967071,E,9,165440,9.47,9.49,199162,46
GARAN,1572858102632967071,A,1,5709,9.48,9.49,199162,46
GARAN,1572858105560461242,E,8,150585,9.47,9.49,187884,32
GARAN,1572858105560549891,A,1,178,9.48,9.49,187884,32
GARAN,1572858105560670729,E,8,150585,9.47,9.49,187884,32
GARAN,1572858105560670729,A,8,150585,9.47,9.48,7322,1
GARAN,1572858105738709158,E,8,150585,9.47,9.49,187884,32
GARAN,1572858105854226529,A,1,10951,9.48,9.49,187884,32
GARAN,1572858105957761173,E,9,150605,9.47,9.49,187884,32
GARAN,1572858107127912450,A,10,150705,9.47,9.48,2500,1
GARAN,1572858108641146717,E,11,250705,9.47,9.49,188009,33
GARAN,1572858108641365572,A,1,7500,9.48,9.49,188009,33
GARAN,1572858112202634384,E,11,243095,9.47,9.49,188009,33
GARAN,1572858112215740659,A,11,243095,9.47,9.48,7500,1
GARAN,1572858112675525623,E,11,243095,9.47,9.49,188009,33
GARAN,1572858112675525623,A,1,11710,9.48,9.49,188009,33
GARAN,1572858112704934010,E,11,243095,9.47,9.49,188009,33
GARAN,1572858112704934010,A,11,243095,9.47,9.48,7151,1
GARAN,1572858118058100314,E,10,143095,9.47,9.49,189009,34
GARAN,1572858118058100314,A,1,69510,9.48,9.49,189009,34
GARAN,1572858130905722979,E,7,112438,9.48,9.5,204236,111
GARAN,1572858130905722979,A,1,13001,9.49,9.5,204236,111
GARAN,1572858131095629798,E,8,102153,9.48,9.5,211736,112
GARAN,1572858131095797463,A,8,102153,9.48,9.49,7500,1
GARAN,1572858131439888090,E,9,110690,9.48,9.5,211736,112
GARAN,1572858131439888090,A,1,9600,9.49,9.5,211736,112
GARAN,1572858133909965699,E,9,110690,9.48,9.5,211736,112
GARAN,1572858133910181984,A,9,110690,9.48,9.49,7500,1
GARAN,1572858138549194214,E,9,106367,9.48,9.5,211736,112
GARAN,1572858138549194214,A,1,182520,9.49,9.5,211736,112
GARAN,1572858151837268084,E,2,182421,9.49,9.51,153476,23
GARAN,1572858151837268084,A,1,71059,9.5,9.51,153476,23
GARAN,1572858151839157965,E,4,190157,9.49,9.51,160976,24
GARAN,1572858151839261787,A,4,190157,9.49,9.5,2000,1
GARAN,1572858177551819369,E,13,181345,9.49,9.51,166221,25
GARAN,1572858177551819369,A,1,48565,9.5,9.51,166221,25
GARAN,1572858210552373283,E,15,266895,9.5,9.52,128586,39
GARAN,1572858210552373283,A,1,4886,9.51,9.52,128586,39
GARAN,1572858211665158776,E,14,252089,9.5,9.52,113130,21
GARAN,1572858211665158776,A,14,252089,9.5,9.51,231480,1
GARAN,1572858217611187408,E,15,269355,9.5,9.52,113130,21
GARAN,1572858217611187408,A,1,132303,9.51,9.52,113130,21
GARAN,1572858219950718768,E,15,251659,9.5,9.52,138330,23
GARAN,1572858219950980310,A,15,251659,9.5,9.51,7500,1
GARAN,1572858220076731363,E,15,251659,9.5,9.52,138330,23
GARAN,1572858221142257395,A,1,100,9.51,9.52,135639,23
GARAN,1572858221142407242,E,16,255596,9.5,9.52,135639,23
GARAN,1572858221435018101,A,16,255596,9.5,9.51,20,1
GARAN,1572858222951308500,E,15,251659,9.5,9.52,135639,23
GARAN,1572858222951308500,A,1,4807,9.51,9.52,135639,23
GARAN,1572858223062830589,E,15,251659,9.5,9.52,135649,24
GARAN,1572858223062830589,A,15,251659,9.5,9.51,245193,1
GARAN,1572858250728219944,E,10,246735,9.49,9.51,444842,10
GARAN,1572858250728681866,A,1,7500,9.5,9.51,444842,10
GARAN,1572858250777302282,E,10,246735,9.49,9.51,445046,11
GARAN,1572858250777302282,A,10,246735,9.49,9.5,21902,1
GARAN,1572858251660621990,E,11,262867,9.49,9.51,441185,10
GARAN,1572858251660909291,A,1,7500,9.5,9.51,441185,10
GARAN,1572858257842024389,E,12,255381,9.49,9.51,418675,12
GARAN,1572858257842388834,A,1,7500,9.5,9.51,426175,13
GARAN,1572858257886342606,E,12,255381,9.49,9.51,426175,13
GARAN,1572858257886342606,A,12,255381,9.49,9.5,207553,1
GARAN,1572858288206194058,E,15,294325,9.49,9.51,411726,13
GARAN,1572858288206194058,A,1,256424,9.5,9.51,411726,13
GARAN,1572858294293837185,E,3,380049,9.5,9.52,141136,29
GARAN,1572858294293837185,A,1,92818,9.51,9.52,141136,29
GARAN,1572858294989524076,E,5,387777,9.5,9.52,143005,29
GARAN,1572858294989867394,A,5,387777,9.5,9.51,7500,1
GARAN,1572858295339398472,E,3,367829,9.5,9.52,140964,28
GARAN,1572858295339694997,A,4,375329,9.5,9.51,7500,1
GARAN,1572858295841499839,E,4,375329,9.5,9.52,140964,28
GARAN,1572858295841780733,A,4,375329,9.5,9.51,7500,1
GARAN,1572858299011308362,E,5,385329,9.5,9.52,141063,28
GARAN,1572858299011308362,A,1,1334,9.51,9.52,141063,28
GARAN,1572858299011480834,E,5,385329,9.5,9.52,141063,28
GARAN,1572858299011675190,A,5,385329,9.5,9.51,7500,1
GARAN,1572858339775907271,E,11,421854,9.5,9.52,162563,29
GARAN,1572858339775907271,A,11,421854,9.5,9.51,43309,1
GARAN,1572858480894138254,E,16,378958,9.49,9.51,142226,13
GARAN,1572858480895190721,A,16,378958,9.49,9.5,7500,1
GARAN,1572858833631282365,E,20,333198,9.49,9.51,108551,16
GARAN,1572858833631380502,A,1,7500,9.5,9.51,108551,16
GARAN,1572858867051012207,E,21,331100,9.49,9.51,101590,13
GARAN,1572858867051345357,A,21,331100,9.49,9.5,7500,1
GARAN,1572858867181918200,E,20,305035,9.49,9.51,101590,13
GARAN,1572858867181918200,A,1,5154,9.5,9.51,101590,13
GARAN,1572858867182051897,E,20,305035,9.49,9.51,101590,13
GARAN,1572858867182191793,A,20,305035,9.49,9.5,5154,1
GARAN,1572858876056802943,E,21,335799,9.49,9.51,99374,12
GARAN,1572858876056802943,A,21,335799,9.49,9.5,2,1
GARAN,1572858876057152342,E,22,352319,9.49,9.51,99374,12
GARAN,1572858876057152342,A,1,7496,9.5,9.51,99374,12
GARAN,1572858956565609333,E,21,316505,9.49,9.51,199036,16
GARAN,1572858956565814075,A,21,316505,9.49,9.5,7500,1
GARAN,1572859542264339587,E,35,311252,9.49,9.51,180725,27
GARAN,1572859542264339587,A,1,61613,9.5,9.51,180725,27
GARAN,1572861132821307021,E,11,317940,9.5,9.52,188654,57
GARAN,1572861132821673439,A,1,7500,9.51,9.52,188654,57
GARAN,1572861146030390929,D,15,337114,9.5,9.52,186128,52
GARAN,1572861146030390929,A,1,4,9.51,9.52,186128,52
GARAN,1572861146030617655,D,15,337114,9.5,9.52,186128,52
GARAN,1572861146030617655,A,1,4,9.51,9.52,186128,52
GARAN,1572861146030781627,D,15,337114,9.5,9.52,186128,52
GARAN,1572861146030781627,A,1,4,9.51,9.52,186128,52
GARAN,1572861146030908636,E,15,337114,9.5,9.52,186128,52
GARAN,1572861146030908636,A,1,4,9.51,9.52,186128,52
GARAN,1572861146031020468,E,15,337114,9.5,9.52,186128,52
GARAN,1572861146031299418,A,14,331466,9.5,9.51,7500,1
GARAN,1572861146250299042,E,13,304716,9.5,9.52,181888,50
GARAN,1572861146250868050,A,13,304716,9.5,9.51,7500,1
GARAN,1572861147202892137,E,12,298823,9.5,9.52,181888,50
GARAN,1572861148494716363,A,1,40000,9.51,9.52,181888,50
GARAN,1572861148494894777,E,14,354220,9.5,9.52,181888,50
GARAN,1572861148579343043,A,14,351916,9.5,9.51,7500,1
GARAN,1572861209395382709,E,14,348488,9.5,9.52,336898,53
GARAN,1572861209395382709,A,1,10396,9.51,9.52,336898,53
GARAN,1572861209395824810,E,14,348488,9.5,9.52,336898,53
GARAN,1572861209396020091,A,14,348488,9.5,9.51,7500,1
GARAN,1572861354357143027,E,42,320610,9.49,9.51,172685,11
GARAN,1572861354357143027,A,1,1,9.5,9.51,172685,11
GARAN,1572861354357578097,E,42,320610,9.49,9.51,172685,11
GARAN,1572861354508420788,A,41,288963,9.49,9.5,10669,1
GARAN,1572861466266666360,E,43,302393,9.49,9.51,171423,12
GARAN,1572861466266926320,A,1,7500,9.5,9.51,171423,12
GARAN,1572861807038642183,E,40,290135,9.49,9.51,227371,28
GARAN,1572861807038642183,A,40,290135,9.49,9.5,677,1
GARAN,1572861877949991880,E,42,335888,9.49,9.51,215691,25
GARAN,1572861877950233371,A,1,7500,9.5,9.51,215691,25
GARAN,1572861878014280862,D,42,335888,9.49,9.51,215691,25
GARAN,1572861878014357857,A,42,335888,9.49,9.5,5139,1
GARAN,1572861878014500995,E,42,335888,9.49,9.51,215691,25
GARAN,1572861878057594277,A,42,335888,9.49,9.5,2497,1
GARAN,1572861878057736082,E,42,335888,9.49,9.51,215691,25
GARAN,1572861882361492865,A,1,141,9.5,9.51,215691,25
GARAN,1572861886521390349,E,43,316318,9.49,9.51,215691,25
GARAN,1572861894662341126,A,43,338034,9.49,9.5,11,1
GARAN,1572861894662543900,E,43,338034,9.49,9.51,215691,25
GARAN,1572861894662583159,A,43,338034,9.49,9.5,7500,1
GARAN,1572861898181476598,D,42,335888,9.49,9.51,215691,25
GARAN,1572861901682002249,A,1,50000,9.5,9.51,217868,26
GARAN,1572862492681146821,E,21,254171,9.5,9.52,450310,64
GARAN,1572862492681389512,A,1,7500,9.51,9.52,450310,64
GARAN,1572862492740609232,E,21,254171,9.5,9.52,450126,63
GARAN,1572862492741196184,A,22,240247,9.5,9.51,2011,1
GARAN,1572862492805284868,D,23,222480,9.5,9.52,450126,63
GARAN,1572862492869891798,A,1,5,9.51,9.52,453958,64
GARAN,1572862525103345738,E,22,196550,9.5,9.52,436726,59
GARAN,1572862525103345738,A,1,5,9.51,9.52,436726,59
GARAN,1572862525104034019,E,22,196550,9.5,9.52,436726,59
GARAN,1572862525104034019,A,22,196550,9.5,9.51,7495,1
GARAN,1572862528456279723,E,15,158643,9.5,9.52,432894,58
GARAN,1572862528456279723,A,1,13613,9.51,9.52,432894,58
GARAN,1572862528456531740,E,15,158643,9.5,9.52,432894,58
GARAN,1572862528456648460,A,15,158643,9.5,9.51,13613,1
GARAN,1572862530974228039,E,15,158643,9.5,9.52,433087,59
GARAN,1572862530974228039,A,1,17367,9.51,9.52,433087,59
GARAN,1572862530974440475,E,15,158643,9.5,9.52,433087,59
GARAN,1572862530974627526,A,15,158643,9.5,9.51,17367,1
GARAN,1572862533613622258,E,15,176319,9.5,9.52,433087,59
GARAN,1572862533613622258,A,1,40121,9.51,9.52,433087,59
GARAN,1572862534678711961,E,17,182844,9.5,9.52,434137,59
GARAN,1572862534678935681,A,17,182844,9.5,9.51,7500,1
GARAN,1572862551249220599,E,16,197758,9.5,9.52,452087,59
GARAN,1572862551249220599,A,1,704,9.51,9.52,452087,59
GARAN,1572862551249497290,E,16,197758,9.5,9.52,452087,59
GARAN,1572862551249655304,A,16,197758,9.5,9.51,704,1
GARAN,1572862595020905003,E,18,222762,9.5,9.52,452137,60
GARAN,1572862595020905003,A,1,3181,9.51,9.52,452137,60
GARAN,1572862595021279272,E,18,222762,9.5,9.52,452137,60
GARAN,1572862595103811857,A,18,222762,9.5,9.51,2392,1
GARAN,1572862595148564214,D,18,222762,9.5,9.52,452137,60
GARAN,1572862595902920810,A,1,10,9.51,9.52,455092,61
GARAN,1572862595903022429,E,20,242994,9.5,9.52,455092,61
GARAN,1572862599114940265,A,1,50000,9.51,9.52,455092,61
GARAN,1572862669290022396,E,20,196457,9.5,9.52,446399,61
GARAN,1572862669290638162,A,20,196457,9.5,9.51,7500,1
GARAN,1572863144849743170,E,41,285560,9.49,9.51,155507,25
GARAN,1572863144850143474,A,41,285560,9.49,9.5,7500,1
GARAN,1572863144850763081,E,40,278060,9.49,9.51,155734,26
GARAN,1572863144850763081,A,1,9663,9.5,9.51,155734,26
GARAN,1572863144852704538,E,40,278060,9.49,9.51,155734,26
GARAN,1572863144852704538,A,40,278060,9.49,9.5,3363,1
GARAN,1572863206040024933,E,43,355544,9.49,9.51,153096,24
GARAN,1572863206084090799,A,43,355544,9.49,9.5,3418,1
GARAN,1572863206084240916,E,43,355544,9.49,9.51,153096,24
GARAN,1572863206108845852,A,43,355544,9.49,9.5,2270,1
GARAN,1572863206109018074,E,43,355544,9.49,9.51,153096,24
GARAN,1572863208422692710,A,1,7500,9.5,9.51,153096,24
GARAN,1572863208541839239,D,44,397264,9.49,9.51,153096,24
GARAN,1572863210985407864,A,1,50000,9.5,9.51,153096,24
GARAN,1572863236816261327,E,44,353135,9.49,9.51,157721,25
GARAN,1572863236816303502,A,44,353135,9.49,9.5,7500,1
GARAN,1572863236967551224,D,43,342315,9.49,9.51,152849,23
GARAN,1572863236967872199,A,43,342315,9.49,9.5,10775,1
GARAN,1572863239061635993,E,43,342315,9.49,9.51,152849,23
GARAN,1572863239061938473,A,1,7500,9.5,9.51,152849,23
GARAN,1572863247620796399,D,43,342315,9.49,9.51,152849,23
GARAN,1572863252577134958,A,1,7500,9.5,9.51,152844,23
GARAN,1572863255366573579,D,46,406515,9.49,9.51,177844,24
GARAN,1572863283884039272,A,1,50000,9.5,9.51,187844,25
GARAN,1572863813067317015,E,44,353327,9.49,9.51,203254,34
GARAN,1572863813067317015,A,44,353327,9.49,9.5,7498,1
GARAN,1572863915008293261,E,46,296380,9.49,9.51,297017,32
GARAN,1572863915008561709,A,1,7500,9.5,9.51,297017,32
GARAN,1572863915194080223,D,47,298996,9.49,9.51,297017,32
GARAN,1572863916943643332,A,1,7500,9.5,9.51,297017,32
GARAN,1572864835873099220,E,50,292637,9.49,9.51,352868,44
GARAN,1572864835873557399,A,50,292637,9.49,9.5,7500,1
GARAN,1572865322771883450,E,53,280420,9.49,9.51,307239,39
GARAN,1572865322771883450,A,1,21981,9.5,9.51,307239,39
GARAN,1572865964371368183,E,46,225311,9.49,9.51,578653,55
GARAN,1572865964372000956,A,46,225311,9.49,9.5,7500,1
GARAN,1572866030756203401,E,49,236725,9.49,9.51,557177,48
GARAN,1572866030756203401,A,1,46434,9.5,9.51,557177,48
GARAN,1572866101389958080,E,48,223172,9.49,9.51,560892,50
GARAN,1572866101542497237,A,48,223172,9.49,9.5,7508,1
GARAN,1572867863624020313,E,25,115101,9.49,9.51,528304,51
GARAN,1572867863624907598,A,1,24613,9.5,9.51,528304,51
GARAN,1572867865542232363,E,27,153424,9.49,9.51,522907,50
GARAN,1572867865542232363,A,27,153424,9.49,9.5,25919,1
GARAN,1572867865542503617,E,27,153424,9.49,9.51,522907,50
GARAN,1572867865542662754,A,1,7500,9.5,9.51,522907,50
GARAN,1572867865643728636,E,26,130628,9.49,9.51,522907,50
GARAN,1572867865734885111,A,1,7500,9.5,9.51,522907,50
GARAN,1572867866257759781,E,28,140394,9.49,9.51,515196,50
GARAN,1572867866257759781,A,28,140394,9.49,9.5,19241,1
GARAN,1572867984000389741,E,37,153586,9.48,9.5,140793,11
GARAN,1572867984000828155,A,37,153586,9.48,9.49,7500,1
GARAN,1572867999608197582,E,37,211135,9.48,9.5,137540,12
GARAN,1572867999608197582,A,1,15277,9.49,9.5,137540,12
GARAN,1572867999608817164,E,37,211135,9.48,9.5,137540,12
GARAN,1572867999608943421,A,37,211135,9.48,9.49,7500,1
GARAN,1572868040502111052,E,38,218233,9.48,9.5,126166,11
GARAN,1572868040502111052,A,1,22703,9.49,9.5,126166,11
GARAN,1572868127829937170,E,8,59681,9.49,9.51,524846,51
GARAN,1572868127831204933,A,1,7500,9.5,9.51,524846,51
GARAN,1572868127831548557,E,8,59681,9.49,9.51,524846,51
GARAN,1572868127873991686,A,8,59681,9.49,9.5,2217,1
GARAN,1572868127874148287,E,8,59681,9.49,9.51,524846,51
GARAN,1572868127874366014,A,1,7500,9.5,9.51,524846,51
GARAN,1572868127897421409,E,9,59872,9.49,9.51,524846,51
GARAN,1572868127897421409,A,9,59872,9.49,9.5,16489,1
GARAN,1572868127897603207,E,9,59872,9.49,9.51,524846,51
GARAN,1572868127897760648,A,1,7500,9.5,9.51,524846,51
GARAN,1572868133881294659,E,7,53467,9.49,9.51,527245,52
GARAN,1572868133881294659,A,7,53467,9.49,9.5,92306,1
GARAN,1572868147740613462,E,10,170967,9.49,9.51,524846,51
GARAN,1572868147740846283,A,1,7500,9.5,9.51,524846,51
GARAN,1572868147819320671,E,11,195460,9.49,9.51,524846,51
GARAN,1572868147819320671,A,11,195460,9.49,9.5,7064,1
GARAN,1572868147819517750,E,11,195460,9.49,9.51,524846,51
GARAN,1572868147827912346,A,10,170967,9.49,9.5,4157,1
GARAN,1572868147893092877,D,10,170967,9.49,9.51,524846,51
GARAN,1572868148096447632,A,10,170967,9.49,9.5,3085,1
GARAN,1572868149000712551,E,11,192939,9.49,9.51,521087,52
GARAN,1572868149000941455,A,1,7500,9.5,9.51,521087,52
GARAN,1572868149072317457,E,10,170967,9.49,9.51,521087,52
GARAN,1572868149072317457,A,10,170967,9.49,9.5,11920,1
GARAN,1572868152332712272,E,12,194645,9.49,9.51,517969,51
GARAN,1572868152332712272,A,1,90267,9.5,9.51,517969,51
GARAN,1572868155585014160,E,12,194645,9.49,9.51,517969,51
GARAN,1572868155657082820,A,10,170967,9.49,9.5,7500,1
GARAN,1572868155711462174,E,10,170967,9.49,9.51,520168,52
GARAN,1572868155711462174,A,1,1510,9.5,9.51,520168,52
GARAN,1572868155711589724,E,10,170967,9.49,9.51,520168,52
GARAN,1572868155744247179,A,10,170967,9.49,9.5,16413,1
GARAN,1572868160607191524,E,12,190172,9.49,9.51,517969,51
GARAN,1572868160607191524,A,1,31578,9.5,9.51,517969,51
GARAN,1572868176669827342,E,11,190072,9.49,9.51,517717,50
GARAN,1572868176669827342,A,11,190072,9.49,9.5,63020,1
GARAN,1572868176670268639,E,11,190072,9.49,9.51,517717,50
GARAN,1572868176670530998,A,1,7500,9.5,9.51,517717,50
GARAN,1572868179955073794,E,8,155516,9.49,9.51,521397,51
GARAN,1572868182287280416,A,8,155516,9.49,9.5,100,1
GARAN,1572868194618368838,E,11,152031,9.49,9.51,519521,50
GARAN,1572868194688473190,A,10,141730,9.49,9.5,2197,1
GARAN,1572868194732169493,D,10,141730,9.49,9.51,519521,50
GARAN,1572868195497907854,A,10,111315,9.49,9.5,7500,1
GARAN,1572868196413291982,D,11,149603,9.49,9.51,521616,51
GARAN,1572868213690340253,A,1,49947,9.5,9.51,521616,51
GARAN,1572868450520228198,E,9,112431,9.49,9.51,499141,54
GARAN,1572868450520568884,A,9,112431,9.49,9.5,7500,1
GARAN,1572868465212984158,E,12,147931,9.49,9.51,495574,54
GARAN,1572868465213243606,A,1,7500,9.5,9.51,495574,54
GARAN,1572868465213545297,E,10,114505,9.49,9.51,495574,54
GARAN,1572868491437431860,A,12,121308,9.49,9.5,750,1
GARAN,1572868492662668070,E,13,147655,9.49,9.51,495574,54
GARAN,1572868492662958324,A,1,7500,9.5,9.51,495574,54
GARAN,1572868492768112200,D,11,116649,9.49,9.51,495574,54
GARAN,1572868500854834178,A,13,370905,9.49,9.5,10,1
GARAN,1572868500854986863,E,13,370905,9.49,9.51,495574,54
GARAN,1572868503475236093,A,1,10,9.5,9.51,495574,54
GARAN,1572868838645387579,E,10,360435,9.49,9.51,508738,59
GARAN,1572868838645542372,A,10,360435,9.49,9.5,24613,1
GARAN,1572870086563737906,E,46,142692,9.48,9.5,251305,34
GARAN,1572870086564118155,A,46,142692,9.48,9.49,7500,1
GARAN,1572870780078433345,E,51,151189,9.48,9.5,182082,39
GARAN,1572870780078433345,A,1,58719,9.49,9.5,182082,39
GARAN,1572871521363869710,E,51,117145,9.48,9.5,185750,52
GARAN,1572871521364241836,A,51,117145,9.48,9.49,7500,1
GARAN,1572871521969628921,E,51,134984,9.48,9.5,175374,50
GARAN,1572871521969879420,A,1,7500,9.49,9.5,175374,50
GARAN,1572871521970095941,E,50,116969,9.48,9.5,175374,50
GARAN,1572871521970370350,A,50,116969,9.48,9.49,7500,1
GARAN,1572871522483691952,D,51,143508,9.48,9.5,175374,50
GARAN,1572871525627179289,A,51,118907,9.48,9.49,500,1
GARAN,1572871526439125362,E,52,143543,9.48,9.5,175374,50
GARAN,1572871528012021949,A,51,118907,9.48,9.49,5000,1
GARAN,1572871529771628219,E,52,138676,9.48,9.5,170374,49
GARAN,1572871529771874105,A,1,7500,9.49,9.5,170374,49
GARAN,1572872216327650032,E,53,124602,9.48,9.5,155167,56
GARAN,1572872216327650032,A,53,124602,9.48,9.49,71569,1
GARAN,1572872295139467760,E,27,60752,9.47,9.49,86398,7
GARAN,1572872295139467760,A,27,60752,9.47,9.48,18322,1
GARAN,1572872295142014107,E,29,93185,9.47,9.49,94131,9
GARAN,1572872295142014107,A,1,8543,9.48,9.49,94131,9
GARAN,1572872326746058971,E,31,104913,9.47,9.49,94131,9
GARAN,1572872326746058971,E,15,20645,9.46,9.49,94131,9
GARAN,1572872326746928330,A,15,20645,9.46,9.48,7500,1
GARAN,1572872326748355827,A,1,100,9.47,9.48,7500,1
GARAN,1572872326750617429,E,15,20645,9.46,9.48,7500,1
GARAN,1572872326797295977,A,15,20645,9.46,9.47,41821,1
GARAN,1572872376740133489,E,13,28042,9.46,9.48,7773,3
GARAN,1572872376740277710,A,1,7500,9.47,9.48,7773,3
GARAN,1572872376740840052,E,13,28042,9.46,9.48,7773,3
GARAN,1572872376741199571,A,1,7500,9.47,9.48,7773,3
GARAN,1572872376741449645,E,13,28042,9.46,9.48,7773,3
GARAN,1572872376845763277,A,1,7500,9.47,9.48,7773,3
GARAN,1572872558019309828,E,11,49257,9.47,9.49,79587,5
GARAN,1572872558019736738,A,1,7500,9.48,9.49,79587,5
GARAN,1572872558020021057,E,12,55681,9.47,9.49,79587,5
GARAN,1572872558020047257,A,12,55681,9.47,9.48,3200,1
GARAN,1572872558793329332,E,13,83280,9.47,9.49,79587,5
GARAN,1572872561548904185,A,1,575,9.48,9.49,79587,5
GARAN,1572872561549140232,E,13,53423,9.47,9.49,79587,5
GARAN,1572872563696128111,A,14,53432,9.47,9.48,7500,1
GARAN,1572872563696218806,E,14,53432,9.47,9.49,79587,5
GARAN,1572872573705108936,A,1,7500,9.48,9.49,79587,5
GARAN,1572872573705613531,D,14,53432,9.47,9.49,79587,5
GARAN,1572872606107396823,A,1,100,9.48,9.49,79686,6
GARAN,1572872695341131283,E,11,64883,9.48,9.5,142106,57
GARAN,1572872695341702641,A,1,7500,9.49,9.5,142106,57
GARAN,1572872695548423132,D,13,81691,9.48,9.5,142106,57
GARAN,1572872695576834712,A,1,6348,9.49,9.5,142106,57
GARAN,1572872914268113592,E,14,84558,9.49,9.51,492161,65
GARAN,1572872914269016267,A,17,122158,9.49,9.5,9300,1
GARAN,1572872914269389776,E,17,122158,9.49,9.51,484462,63
GARAN,1572872914269435635,A,1,9300,9.5,9.51,484462,63
GARAN,1572872914271581419,E,17,122158,9.49,9.51,484462,63
GARAN,1572872914271581419,A,17,122158,9.49,9.5,12800,1
GARAN,1572872914271938294,E,17,122158,9.49,9.51,484462,63
GARAN,1572872914272213429,A,1,7500,9.5,9.51,484462,63
GARAN,1572872914329795659,E,16,103451,9.49,9.51,484462,63
GARAN,1572872914329795659,A,16,103451,9.49,9.5,3357,1
GARAN,1572872914329973861,E,16,103451,9.49,9.51,484462,63
GARAN,1572872914331328028,A,16,103451,9.49,9.5,4952,1
GARAN,1572872917753228925,E,18,121462,9.49,9.51,484462,63
GARAN,1572872917827848601,A,16,103451,9.49,9.5,2321,1
GARAN,1572872917871580700,D,16,103451,9.49,9.51,484462,63
GARAN,1572872920084520584,A,16,89369,9.49,9.5,7500,1
GARAN,1572872920208073236,D,16,89369,9.49,9.51,486467,64
GARAN,1572872922763735107,A,16,89079,9.49,9.5,1100,1
GARAN,1572872927292550072,E,16,108753,9.49,9.51,486467,64
GARAN,1572872927292550072,A,1,48900,9.5,9.51,486467,64
GARAN,1572873025336043749,E,14,88669,9.49,9.51,446254,53
GARAN,1572873025336310321,A,14,88669,9.49,9.5,9300,1
GARAN,1572873031222400253,E,12,59721,9.49,9.51,440770,52
GARAN,1572873031222400253,A,1,32356,9.5,9.51,440770,52
GARAN,1572873034034034988,E,12,63648,9.49,9.51,440770,52
GARAN,1572873034034034988,A,12,63648,9.49,9.5,18186,1
GARAN,1572873036754499585,E,11,58068,9.49,9.51,440770,52
GARAN,1572873036754499585,A,1,36218,9.5,9.51,440770,52
GARAN,1572873058777338657,E,13,69926,9.49,9.51,443513,54
GARAN,1572873058777338657,A,13,69926,9.49,9.5,29041,1
GARAN,1572873884922364899,E,4,28924,9.49,9.51,448381,59
GARAN,1572873884922652506,A,1,7500,9.5,9.51,448381,59
GARAN,1572874186435209490,E,10,46864,9.49,9.51,380637,59
GARAN,1572874186435802479,A,9,29241,9.49,9.5,7500,1
GARAN,1572874205079962277,E,14,36559,9.49,9.51,365823,55
GARAN,1572874205079962277,A,1,5202,9.5,9.51,365823,55
GARAN,1572874255134781071,E,15,42095,9.49,9.51,394726,56
GARAN,1572874255198607223,A,14,26278,9.49,9.5,7500,1
GARAN,1572874255312628942,D,14,26278,9.49,9.51,394726,56
GARAN,1572874255312798080,A,14,26278,9.49,9.5,2138,1
GARAN,1572874261380742267,E,18,46945,9.49,9.51,390798,55
GARAN,1572874261381083474,A,1,7500,9.5,9.51,390798,55
GARAN,1572874262819428698,D,16,37525,9.49,9.51,390798,55
GARAN,1572874263373162411,A,1,1,9.5,9.51,390798,55
GARAN,1572874263373281307,E,16,37525,9.49,9.51,390798,55
GARAN,1572874267728323672,A,1,1265,9.5,9.51,390798,55
GARAN,1572874297205686308,E,15,34189,9.49,9.51,416298,57
GARAN,1572874311998579960,A,15,44776,9.49,9.5,5,1
GARAN,1572874322892832584,E,18,58192,9.49,9.51,416298,57
GARAN,1572874327813332634,A,15,44776,9.49,9.5,7500,1
GARAN,1572874330803687208,D,16,48411,9.49,9.51,416298,57
GARAN,1572874371817232861,A,1,25,9.5,9.51,418343,58
GARAN,1572874371817397653,E,17,47163,9.49,9.51,418343,58
GARAN,1572874374023287928,A,17,47163,9.49,9.5,7500,1
GARAN,1572874374044570139,D,17,47163,9.49,9.51,420708,59
GARAN,1572874391308627547,A,1,1,9.5,9.51,420708,59
GARAN,1572874391308740499,E,18,51261,9.49,9.51,420708,59
GARAN,1572874401177524526,A,1,606,9.5,9.51,420708,59
GARAN,1572874401177606310,E,18,51261,9.49,9.51,420708,59
GARAN,1572874401177797151,A,18,51261,9.49,9.5,7500,1
GARAN,1572874401760991047,D,16,44777,9.49,9.51,420708,59
GARAN,1572874414593840554,A,20,61822,9.49,9.5,100,1
GARAN,1572874474491214791,E,20,62599,9.49,9.51,416298,57
GARAN,1572874474491406928,A,1,7500,9.5,9.51,416298,57
GARAN,1572874474553924400,D,19,57180,9.49,9.51,416298,57
GARAN,1572874494169787820,A,1,500,9.5,9.51,436298,58
GARAN,1572874496408696120,E,21,64718,9.49,9.51,436298,58
GARAN,1572874499405931043,A,21,64718,9.49,9.5,10000,1
GARAN,1572874527653803311,E,20,68923,9.49,9.51,436298,58
GARAN,1572874527654041262,A,1,7500,9.5,9.51,436298,58
GARAN,1572875351575827022,E,21,60235,9.49,9.51,464051,71
GARAN,1572875351576436072,A,20,48492,9.49,9.5,7500,1
GARAN,1572875591596115212,E,25,116043,9.49,9.51,451127,72
GARAN,1572875591596331752,A,1,7500,9.5,9.51,451127,72
GARAN,1572875629022263267,E,9,65151,9.5,9.52,361793,89
GARAN,1572875629081959605,A,10,70001,9.5,9.51,2198,1
GARAN,1572875629082150402,E,10,70001,9.5,9.52,361611,88
GARAN,1572875629508240667,A,8,62211,9.5,9.51,1000,1
GARAN,1572875629508515667,E,8,62211,9.5,9.52,364124,89
GARAN,1572875630304560119,A,9,87211,9.5,9.51,215,1
GARAN,1572875630736208634,E,9,87211,9.5,9.52,363909,88
GARAN,1572875632862193871,A,1,586,9.51,9.52,356118,88
GARAN,1572875642979435069,E,13,113684,9.5,9.52,356878,89
GARAN,1572875642979712940,A,13,113684,9.5,9.51,7500,1
GARAN,1572875643180933183,E,11,92188,9.5,9.52,354365,88
GARAN,1572875643194813655,A,11,92188,9.5,9.51,2222,1
GARAN,1572875643321131311,D,11,92188,9.5,9.52,354365,88
GARAN,1572875651561829879,A,12,96451,9.5,9.51,1000,1
GARAN,1572875654782765482,E,12,96451,9.5,9.52,346128,89
GARAN,1572875658261965215,A,11,92187,9.5,9.51,7500,1
GARAN,1572875661799424397,D,11,92187,9.5,9.52,346128,89
GARAN,1572875662477524925,A,1,110,9.51,9.52,346128,89
GARAN,1572875662477674070,E,11,92187,9.5,9.52,346128,89
GARAN,1572875662477886151,A,11,92187,9.5,9.51,7500,1
GARAN,1572875687254972710,E,10,89666,9.5,9.52,343623,88
GARAN,1572875687254972710,A,1,64419,9.51,9.52,343623,88
GARAN,1572875696088760555,E,15,91505,9.5,9.52,344712,87
GARAN,1572875696089049124,A,15,91505,9.5,9.51,7500,1
GARAN,1572875699150771986,E,13,64426,9.5,9.52,342631,86
GARAN,1572875699150771986,A,1,72890,9.51,9.52,342631,86
GARAN,1572875702280883564,E,14,64427,9.5,9.52,346742,88
GARAN,1572875702280883564,A,14,64427,9.5,9.51,16103,1
GARAN,1572875771589704297,E,25,117655,9.49,9.51,295132,13
GARAN,1572875771589794703,A,25,117655,9.49,9.5,7500,1
GARAN,1572875785017323158,E,24,126791,9.49,9.51,288734,13
GARAN,1572875785017323158,A,1,36958,9.5,9.51,288734,13
GARAN,1572875793101917123,E,24,126791,9.49,9.51,290877,13
GARAN,1572875793101917123,A,24,126791,9.49,9.5,68834,1
GARAN,1572875797583780707,E,24,126791,9.49,9.51,288420,12
GARAN,1572875797583780707,A,1,22174,9.5,9.51,288420,12
GARAN,1572875811833495871,E,24,126791,9.49,9.51,288419,12
GARAN,1572875811833495871,A,24,126791,9.49,9.5,77012,1
GARAN,1572875883162846841,E,24,123941,9.49,9.51,288062,12
GARAN,1572875883162846841,A,1,57182,9.5,9.51,288062,12
GARAN,1572875910467686473,E,24,110335,9.49,9.51,305334,15
GARAN,1572875910467792656,A,24,110335,9.49,9.5,7500,1
GARAN,1572876252733251684,E,25,309164,9.48,9.5,95361,12
GARAN,1572876252733466407,A,25,309164,9.48,9.49,7500,1
GARAN,1572876252980558451,E,24,309160,9.48,9.5,89450,11
GARAN,1572876252980780157,A,24,309160,9.48,9.49,7500,1
GARAN,1572876341367338398,E,22,43858,9.47,9.49,49651,8
GARAN,1572876341367338398,A,22,43858,9.47,9.48,104737,1
GARAN,1572876358390576625,E,18,48123,9.46,9.48,236491,7
GARAN,1572876358390672355,A,18,48123,9.46,9.47,8042,1
GARAN,1572876358609307692,E,17,24182,9.46,9.48,236538,8
GARAN,1572876358609917469,A,17,24182,9.46,9.47,7500,1
GARAN,1572876372023435205,E,35,82205,9.45,9.47,19427,4
GARAN,1572876372023678840,A,1,7500,9.46,9.47,19427,4
GARAN,1572876374551989309,E,35,82205,9.45,9.47,19427,4
GARAN,1572876374552284138,A,1,7500,9.46,9.47,19427,4
GARAN,1572876386896572380,E,9,43587,9.46,9.48,181818,7
GARAN,1572876386896832680,A,1,82,9.47,9.48,181818,7
GARAN,1572876386897206200,E,6,43241,9.46,9.48,181818,7
GARAN,1572876386897206200,A,6,43241,9.46,9.47,4654,1
GARAN,1572876386897369040,E,6,43241,9.46,9.48,181818,7
GARAN,1572876386897369040,A,1,2846,9.47,9.48,181818,7
GARAN,1572876386897548131,E,6,43241,9.46,9.48,181818,7
GARAN,1572876386897973341,A,6,43241,9.46,9.47,7500,1
GARAN,1572876386940944593,E,6,43241,9.46,9.48,181818,7
GARAN,1572876386940944593,A,1,47073,9.47,9.48,181818,7
GARAN,1572876427285232109,E,15,85173,9.47,9.49,35249,8
GARAN,1572876427285504966,A,1,1061,9.48,9.49,35249,8
GARAN,1572876629027160573,E,9,61722,9.48,9.5,124107,23
GARAN,1572876629027160573,A,1,10613,9.49,9.5,124107,23
GARAN,1572876629027510373,E,9,61722,9.48,9.5,124107,23
GARAN,1572876629027559494,A,9,61722,9.48,9.49,500,1
GARAN,1572877480962424226,E,17,96609,9.47,9.49,104857,19
GARAN,1572877480962670451,A,17,96609,9.47,9.48,571,1
GARAN,1572877483788037241,E,16,89433,9.47,9.49,94186,17
GARAN,1572877483935694920,A,1,7500,9.48,9.49,94186,17
GARAN,1572877486860318523,D,19,97980,9.47,9.49,94186,17
GARAN,1572877490270859301,A,19,97945,9.47,9.48,10000,1
GARAN,1572877650863065875,E,25,85249,9.47,9.49,90811,19
GARAN,1572877650863326605,A,1,7500,9.48,9.49,90811,19
GARAN,1572877657313588403,E,27,91481,9.47,9.49,90811,19
GARAN,1572877657313588403,A,27,91481,9.47,9.48,26933,1
GARAN,1572877657313923025,E,27,91481,9.47,9.49,90811,19
GARAN,1572877657314154862,A,1,7500,9.48,9.49,90811,19
GARAN,1572877672189886173,E,27,91481,9.47,9.49,94584,20
GARAN,1572877672189886173,A,27,91481,9.47,9.48,36876,1
GARAN,1572877825524715310,E,26,72857,9.47,9.49,90557,18
GARAN,1572877825524715310,A,1,67668,9.48,9.49,90557,18
GARAN,1572877846139432997,E,10,108563,9.48,9.5,108544,31
GARAN,1572877846139432997,A,1,18105,9.49,9.5,108544,31
GARAN,1572877910186456664,E,8,57957,9.48,9.5,240366,34
GARAN,1572877910186678128,A,8,57957,9.48,9.49,7500,1
GARAN,1572877910342987662,E,8,57957,9.48,9.5,240614,35
GARAN,1572877910343270330,A,1,7500,9.49,9.5,240614,35
GARAN,1572877911516990328,E,8,57957,9.48,9.5,240614,35
GARAN,1572877911516990328,A,8,57957,9.48,9.49,43500,1
GARAN,1572877917188581252,E,8,57957,9.48,9.5,240614,35
GARAN,1572877917188581252,A,1,76329,9.49,9.5,240614,35
GARAN,1572877954429615182,E,7,348817,9.49,9.51,303434,23
GARAN,1572877954429818106,A,1,7500,9.5,9.51,303434,23
GARAN,1572877954489297233,E,7,348817,9.49,9.51,303221,22
GARAN,1572877954489297233,A,7,348817,9.49,9.5,2798,1
GARAN,1572877954493858731,E,7,348817,9.49,9.51,303221,22
GARAN,1572877954495647451,A,7,348817,9.49,9.5,2047,1
GARAN,1572877954622224057,D,7,348817,9.49,9.51,303221,22
GARAN,1572877954622399292,A,7,348817,9.49,9.5,7500,1
GARAN,1572877960409115303,E,7,349776,9.49,9.51,303221,22
GARAN,1572877960452266647,A,7,349776,9.49,9.5,2187,1
GARAN,1572877960498127087,D,7,349776,9.49,9.51,303221,22
GARAN,1572877963241503126,A,1,25000,9.5,9.51,305267,23
GARAN,1572877976494192147,E,4,62108,9.49,9.51,305267,23
GARAN,1572877976494400242,A,4,62108,9.49,9.5,7500,1
GARAN,1572878002601099856,E,4,58049,9.49,9.51,303422,23
GARAN,1572878002601267403,A,4,58049,9.49,9.5,600,1
GARAN,1572878002601366850,E,4,58049,9.49,9.51,303422,23
GARAN,1572878002601366850,A,1,6900,9.5,9.51,303422,23
GARAN,1572878034319559267,E,2,26916,9.49,9.51,309138,24
GARAN,1572878034487464940,A,2,26916,9.49,9.5,2209,1
GARAN,1572878040232567400,E,5,46806,9.49,9.51,303220,22
GARAN,1572878040232765468,A,1,7500,9.5,9.51,303220,22
GARAN,1572878040276518354,E,3,37523,9.49,9.51,303406,23
GARAN,1572878040276782366,A,1,7500,9.5,9.51,303406,23
GARAN,1572878045203742209,E,2,26916,9.49,9.51,310819,25
GARAN,1572878045203742209,A,2,26916,9.49,9.5,38003,1
GARAN,1572878045204056705,E,2,26916,9.49,9.51,310819,25
GARAN,1572878045204244558,A,1,7500,9.5,9.51,310819,25
GARAN,1572878045276209235,E,2,26916,9.49,9.51,310819,25
GARAN,1572878045352014739,A,1,3927,9.5,9.51,310819,25
GARAN,1572878088260052035,E,2,26916,9.49,9.51,312911,24
GARAN,1572878088260052035,A,2,26916,9.49,9.5,8221,1
GARAN,1572878088260450318,E,2,26916,9.49,9.51,312911,24
GARAN,1572878088260639558,A,1,7500,9.5,9.51,313161,25
GARAN,1572878088260783151,E,2,26916,9.49,9.51,313161,25
GARAN,1572878088399827830,A,1,6128,9.5,9.51,308369,23
GARAN,1572878088415835737,E,3,34687,9.49,9.51,308369,23
GARAN,1572878088415835737,A,3,34687,9.49,9.5,14647,1
GARAN,1572878088460757538,D,4,40247,9.49,9.51,308369,23
GARAN,1572878092964908158,A,1,675,9.5,9.51,313198,24
GARAN,1572878092964995822,E,3,34687,9.49,9.51,313198,24
GARAN,1572878102875759777,A,3,34687,9.49,9.5,7500,1
GARAN,1572878690628144390,E,15,313292,9.49,9.51,310074,27
GARAN,1572878690628459129,A,1,7500,9.5,9.51,310074,27
GARAN,1572878690714487465,E,15,313292,9.49,9.51,317574,28
GARAN,1572878690714487465,A,15,313292,9.49,9.5,985,1
GARAN,1572878690714679160,E,15,313292,9.49,9.51,317574,28
GARAN,1572878690714828113,A,1,7500,9.5,9.51,317574,28
GARAN,1572878690852558145,E,16,316497,9.49,9.51,320073,29
GARAN,1572878690852558145,A,16,316497,9.49,9.5,5010,1
GARAN,1572878690852798509,E,16,316497,9.49,9.51,320073,29
GARAN,1572878690889947881,A,1,14141,9.5,9.51,331073,30
GARAN,1572878743430409788,E,14,313710,9.49,9.51,336035,33
GARAN,1572878743430876439,A,14,313710,9.49,9.5,7500,1
GARAN,1572879082896512452,E,13,33725,9.48,9.5,158133,19
GARAN,1572879082896567294,A,13,33725,9.48,9.49,163,1
GARAN,1572879082896991942,E,13,33725,9.48,9.5,158133,19
GARAN,1572879082896991942,A,1,4837,9.49,9.5,158133,19
GARAN,1572879082897524295,E,13,33725,9.48,9.5,158133,19
GARAN,1572879082897889828,A,1,5000,9.49,9.5,158133,19
GARAN,1572879082899161832,E,13,33725,9.48,9.5,158133,19
GARAN,1572879086329636897,A,7,32414,9.48,9.49,10000,1
GARAN,1572879089857783950,E,25,77571,9.47,9.49,153319,7
GARAN,1572879089858065989,A,1,5000,9.48,9.49,153319,7
GARAN,1572879089858331012,E,25,77571,9.47,9.49,153319,7
GARAN,1572879089858479394,A,1,5000,9.48,9.49,153319,7
GARAN,1572879110030132854,E,25,77571,9.47,9.49,167843,8
GARAN,1572879110030132854,A,25,77571,9.47,9.48,18532,1
GARAN,1572879110030398969,E,25,77571,9.47,9.49,167843,8
GARAN,1572879110030607021,A,1,5000,9.48,9.49,167843,8
GARAN,1572879110030866075,E,25,77571,9.47,9.49,167843,8
GARAN,1572879110030866075,A,25,77571,9.47,9.48,2600,1
GARAN,1572879110030993165,E,25,77571,9.47,9.49,167843,8
GARAN,1572879110030993165,A,1,2400,9.48,9.49,167843,8
GARAN,1572879124911482271,E,27,82572,9.47,9.49,155174,7
GARAN,1572879124911482271,A,27,82572,9.47,9.48,4620,1
GARAN,1572879124911670429,E,27,82572,9.47,9.49,155174,7
GARAN,1572879125105165937,A,27,82572,9.47,9.48,2100,1
GARAN,1572879125105276828,E,27,82572,9.47,9.49,155174,7
GARAN,1572879125753922769,A,1,2500,9.48,9.49,155174,7
GARAN,1572879151833202578,E,28,84572,9.47,9.49,160624,9
GARAN,1572879151833202578,A,28,84572,9.47,9.48,2645,1
GARAN,1572879151833509054,E,28,84572,9.47,9.49,160624,9
GARAN,1572879151980717113,A,1,12912,9.48,9.49,160624,9
GARAN,1572879177299278932,E,28,84572,9.47,9.49,160635,10
GARAN,1572879177414423406,A,1,5482,9.48,9.49,160635,10
GARAN,1572879186943621676,E,28,84572,9.47,9.49,160635,10
GARAN,1572879187078912904,A,28,84572,9.47,9.48,92480,1
GARAN,1572879193319767707,E,29,89180,9.47,9.49,147416,8
GARAN,1572879193470302226,A,30,93880,9.47,9.48,10500,1
GARAN,1572879193495570385,E,30,93880,9.47,9.49,160416,9
GARAN,1572879193740602016,A,30,93880,9.47,9.48,13500,1
GARAN,1572879193877609890,E,31,103283,9.47,9.49,147416,8
GARAN,1572879197118158543,A,1,1000,9.48,9.49,162156,10
GARAN,1572879197168926444,E,31,109869,9.47,9.49,162156,10
GARAN,1572879197168926444,A,31,109869,9.47,9.48,4000,1
GARAN,1572879197169070250,E,31,109869,9.47,9.49,162156,10
GARAN,1572879200113476575,A,1,4686,9.48,9.49,162156,10
GARAN,1572879202782495115,E,29,97583,9.47,9.49,152156,9
GARAN,1572879202782495115,A,29,97583,9.47,9.48,5521,1
GARAN,1572879203004873557,E,30,105224,9.47,9.49,137656,8
GARAN,1572879203057940435,A,1,500,9.48,9.49,137656,8
GARAN,1572879203269567919,E,29,97583,9.47,9.49,148656,9
GARAN,1572879203269567919,A,29,97583,9.47,9.48,14500,1
GARAN,1572879204845007588,E,31,107321,9.47,9.49,137656,8
GARAN,1572879205076104186,A,31,106744,9.47,9.48,13000,1
GARAN,1572879215694990166,E,32,108238,9.47,9.49,135893,6
GARAN,1572879215840924895,A,32,108238,9.47,9.48,16000,1
GARAN,1572879218053713749,E,32,108238,9.47,9.49,150393,7
GARAN,1572879218586434441,A,33,114287,9.47,9.48,250,1
GARAN,1572879218586589239,E,33,114287,9.47,9.49,150143,6
GARAN,1572879221026787006,A,1,100,9.48,9.49,150143,6
GARAN,1572879234347420183,E,32,100084,9.47,9.49,154108,7
GARAN,1572879234475388368,A,1,5831,9.48,9.49,154108,7
GARAN,1572879234614121635,E,33,104325,9.47,9.49,154108,7
GARAN,1572879234614121635,A,33,104325,9.47,9.48,1669,1
GARAN,1572879235135952388,E,33,100184,9.47,9.49,150143,6
GARAN,1572879237837279280,A,34,105281,9.47,9.48,1000,1
GARAN,1572879254062537856,E,33,107569,9.47,9.49,152644,8
GARAN,1572879257954318987,A,35,118062,9.47,9.48,3113,1
GARAN,1572879258961125328,E,36,121167,9.47,9.49,155144,9
GARAN,1572879261879401008,A,1,500,9.48,9.49,155144,9
GARAN,1572879440769379164,E,32,107430,9.47,9.49,227899,23
GARAN,1572879440769712093,A,1,1100,9.48,9.49,227899,23
GARAN,1572879440770171511,E,32,107430,9.47,9.49,227899,23
GARAN,1572879441074019802,A,1,13710,9.48,9.49,227899,23
GARAN,1572879441074283922,E,33,112458,9.47,9.49,227899,23
GARAN,1572879443747999845,A,21,105825,9.47,9.48,20000,1
GARAN,1572879465275673927,E,24,115630,9.47,9.49,204076,18
GARAN,1572879465320540035,A,1,10423,9.48,9.49,204076,18
GARAN,1572879524393182934,E,28,113667,9.47,9.49,173945,24
GARAN,1572879524393182934,A,28,113667,9.47,9.48,104604,1
GARAN,1572879600129629792,D,28,106170,9.46,9.48,119705,7
GARAN,1572879600129629792,D,50,87298,9.45,9.48,119705,7
GARAN,1572879600129629792,D,13,9285,9.44,9.48,119705,7
GARAN,1572879600129629792,D,18,75976,9.43,9.48,119705,7
GARAN,1572879600129629792,D,30,34901,9.42,9.48,119705,7
GARAN,1572879600129629792,D,23,59902,9.41,9.48,119705,7
GARAN,1572879600129629792,D,52,87195,9.4,9.48,119705,7
GARAN,1572879600129629792,D,28,66742,9.39,9.48,119705,7
GARAN,1572879600129629792,D,21,20793,9.38,9.48,119705,7
GARAN,1572879600129629792,D,21,82215,9.37,9.48,119705,7
GARAN,1572879600129629792,D,15,35384,9.36,9.48,119705,7
GARAN,1572879600129629792,D,22,20816,9.35,9.48,119705,7
GARAN,1572879600129629792,D,7,21738,9.34,9.48,119705,7
GARAN,1572879600129629792,D,7,5903,9.33,9.48,119705,7
GARAN,1572879600129629792,D,5,2377,9.32,9.48,119705,7
GARAN,1572879600129629792,D,8,4055,9.31,9.48,119705,7
GARAN,1572879600129629792,D,16,10213,9.3,9.48,119705,7
GARAN,1572879600129629792,D,11,23237,9.29,9.48,119705,7
GARAN,1572879600129629792,D,29,9780,9.28,9.48,119705,7
GARAN,1572879600129629792,D,3,1900,9.27,9.48,119705,7
GARAN,1572879600129629792,D,5,12155,9.26,9.48,119705,7
GARAN,1572879600129629792,D,12,13628,9.25,9.48,119705,7
GARAN,1572879600129629792,D,5,6904,9.24,9.48,119705,7
GARAN,1572879600129629792,D,5,10150,9.23,9.48,119705,7
GARAN,1572879600129629792,D,5,807,9.22,9.48,119705,7
GARAN,1572879600129629792,D,3,329,9.21,9.48,119705,7
GARAN,1572879600129629792,D,21,28566,9.2,9.48,119705,7
GARAN,1572879600129629792,D,2,43,9.19,9.48,119705,7
GARAN,1572879600129629792,D,8,2251,9.18,9.48,119705,7
GARAN,1572879600129629792,D,1,500,9.17,9.48,119705,7
GARAN,1572879600129629792,D,7,725,9.16,9.48,119705,7
GARAN,1572879600129629792,D,9,5419,9.15,9.48,119705,7
GARAN,1572879600129629792,D,2,210,9.14,9.48,119705,7
GARAN,1572879600129629792,D,1,328,9.13,9.48,119705,7
GARAN,1572879600129629792,D,7,2133,9.12,9.48,119705,7
GARAN,1572879600129629792,D,15,22789,9.1,9.48,119705,7
GARAN,1572879600129629792,D,3,116,9.09,9.48,119705,7
GARAN,1572879600129629792,D,5,1214,9.08,9.48,119705,7
GARAN,1572879600129629792,D,2,210,9.06,9.48,119705,7
GARAN,1572879600129629792,D,7,254,9.05,9.48,119705,7
GARAN,1572879600129629792,D,4,810,9.04,9.48,119705,7
GARAN,1572879600129629792,D,2,112,9.03,9.48,119705,7
GARAN,1572879600129629792,D,3,2076,9.02,9.48,119705,7
GARAN,1572879600129629792,D,2,1110,9.01,9.48,119705,7
GARAN,1572879600129629792,D,19,25834,9.0,9.48,119705,7
GARAN,1572879600129629792,D,2,294,8.99,9.48,119705,7
GARAN,1572879600129629792,D,2,290,8.98,9.48,119705,7
GARAN,1572879600129629792,D,2,11,8.96,9.48,119705,7
GARAN,1572879600129629792,D,3,160,8.95,9.48,119705,7
GARAN,1572879600129629792,D,1,10,8.94,9.48,119705,7
GARAN,1572879600129629792,D,3,36,8.92,9.48,119705,7
GARAN,1572879600129629792,D,1,200,8.91,9.48,119705,7
GARAN,1572879600129629792,D,6,1275,8.9,9.48,119705,7
GARAN,1572879600129629792,D,1,11,8.89,9.48,119705,7
GARAN,1572879600129629792,D,4,2042,8.88,9.48,119705,7
GARAN,1572879600129629792,D,1,1000,8.87,9.48,119705,7
GARAN,1572879600129629792,D,2,1010,8.86,9.48,119705,7
GARAN,1572879600129629792,D,1,10,8.84,9.48,119705,7
GARAN,1572879600129629792,D,1,10,8.82,9.48,119705,7
GARAN,1572879600129629792,D,1,10,8.81,9.48,119705,7
GARAN,1572879600129629792,D,5,83,8.8,9.48,119705,7
GARAN,1572879600129629792,D,1,380,8.79,9.48,119705,7
GARAN,1572879600129629792,D,1,10,8.78,9.48,119705,7
GARAN,1572879600129629792,D,1,10,8.76,9.48,119705,7
GARAN,1572879600129629792,D,1,100,8.75,9.48,119705,7
GARAN,1572879600129629792,D,1,10,8.74,9.48,119705,7
GARAN,1572879600129629792,D,4,720,8.72,9.48,119705,7
GARAN,1572879600129629792,D,3,155,8.7,9.48,119705,7
GARAN,1572879600129629792,D,2,357,8.64,9.48,119705,7
GARAN,1572879600129629792,D,1,2500,8.62,9.48,119705,7
GARAN,1572879600129629792,D,1,1,8.61,9.48,119705,7
GARAN,1572879600129629792,D,1,5,8.6,9.48,119705,7
GARAN,1572879600129629792,D,3,15,8.51,9.48,119705,7
GARAN,1572879600129629792,D,8,140,8.5,9.48,119705,7
GARAN,1572879600129629792,D,1,5,8.46,9.48,119705,7
GARAN,1572879600129629792,D,1,5,8.4,9.48,119705,7
GARAN,1572879600129629792,D,2,275,8.35,9.48,119705,7
GARAN,1572879600129629792,D,1,5,8.3,9.48,119705,7
GARAN,1572879600129629792,D,2,100,8.25,9.48,119705,7
GARAN,1572879600129629792,D,1,13,8.23,9.48,119705,7
GARAN,1572879600129629792,D,1,13,8.21,9.48,119705,7
GARAN,1572879600129629792,D,4,560,8.2,9.48,119705,7
GARAN,1572879600129629792,D,1,13,8.19,9.48,119705,7
GARAN,1572879600129629792,D,1,8,8.18,9.48,119705,7
GARAN,1572879600129629792,D,1,13,8.17,9.48,119705,7
GARAN,1572879600129629792,D,1,13,8.15,9.48,119705,7
GARAN,1572879600129629792,D,1,13,8.13,9.48,119705,7
GARAN,1572879600129629792,D,1,14,8.12,9.48,119705,7
GARAN,1572879600129629792,D,1,13,8.11,9.48,119705,7
GARAN,1572879600129629792,D,2,55,8.1,9.48,119705,7
GARAN,1572879600129629792,D,1,13,8.09,9.48,119705,7
GARAN,1572879600129629792,D,1,13,8.07,9.48,119705,7
GARAN,1572879600129629792,D,1,3000,8.06,9.48,119705,7
GARAN,1572879600129629792,D,1,13,8.05,9.48,119705,7
GARAN,1572879600129629792,D,1,13,8.03,9.48,119705,7
GARAN,1572879600129629792,D,1,20,8.02,9.48,119705,7
GARAN,1572879600129629792,D,1,13,8.01,9.48,119705,7
GARAN,1572879600129629792,D,3,7,8.0,9.48,119705,7
GARAN,1572879600129629792,D,1,13,7.99,9.48,119705,7
GARAN,1572879600129629792,D,1,5,7.9,9.48,119705,7
GARAN,1572879600129629792,D,1,115,7.83,9.48,119705,7
GARAN,1572879600129629792,D,1,5,7.8,9.48,119705,7
GARAN,1572879600129629792,D,1,5,7.7,9.48,119705,7
GARAN,1572879600129629792,D,1,10,7.61,9.48,119705,7
GARAN,1572879600129629792,D,1,300,7.6,9.48,119705,7
GARAN,1572879600129629792,D,1,5,7.56,9.48,119705,7
GARAN,1572879600129629792,D,1,10,7.51,9.48,119705,7
GARAN,1572879600129629792,D,2,1300,7.5,9.48,119705,7
GARAN,1572879600129629792,D,7,67015,7.43,9.48,119705,7
GARAN,1572879920183890892,A,6,287107,9.47,9.48,31956,1
GARAN,1572880020152430103,D,31,191987,9.46,9.48,67281,10
GARAN,1572880020152430103,D,51,110644,9.45,9.48,67281,10
GARAN,1572880020152430103,D,14,14285,9.44,9.48,67281,10
GARAN,1572880020152430103,D,16,66974,9.43,9.48,67281,10
GARAN,1572880020152430103,D,30,34901,9.42,9.48,67281,10
GARAN,1572880020152430103,D,23,59902,9.41,9.48,67281,10
GARAN,1572880020152430103,D,53,87196,9.4,9.48,67281,10
GARAN,1572880020152430103,D,28,66742,9.39,9.48,67281,10
GARAN,1572880020152430103,D,20,15793,9.38,9.48,67281,10
GARAN,1572880020152430103,D,21,82215,9.37,9.48,67281,10
GARAN,1572880020152430103,D,15,35384,9.36,9.48,67281,10
GARAN,1572880020152430103,D,22,20816,9.35,9.48,67281,10
GARAN,1572880020152430103,D,7,21738,9.34,9.48,67281,10
GARAN,1572880020152430103,D,7,5903,9.33,9.48,67281,10
GARAN,1572880020152430103,D,5,2377,9.32,9.48,67281,10
GARAN,1572880020152430103,D,8,4055,9.31,9.48,67281,10
GARAN,1572880020152430103,D,16,10213,9.3,9.48,67281,10
GARAN,1572880020152430103,D,10,22167,9.29,9.48,67281,10
GARAN,1572880020152430103,D,29,9780,9.28,9.48,67281,10
GARAN,1572880020152430103,D,2,300,9.27,9.48,67281,10
GARAN,1572880020152430103,D,5,12155,9.26,9.48,67281,10
GARAN,1572880020152430103,D,10,13626,9.25,9.48,67281,10
GARAN,1572880020152430103,D,5,6904,9.24,9.48,67281,10
GARAN,1572880020152430103,D,5,10150,9.23,9.48,67281,10
GARAN,1572880020152430103,D,5,807,9.22,9.48,67281,10
GARAN,1572880020152430103,D,3,329,9.21,9.48,67281,10
GARAN,1572880020152430103,D,22,29636,9.2,9.48,67281,10
GARAN,1572880020152430103,D,2,43,9.19,9.48,67281,10
GARAN,1572880020152430103,D,8,2251,9.18,9.48,67281,10
GARAN,1572880020152430103,D,1,500,9.17,9.48,67281,10
GARAN,1572880020152430103,D,7,725,9.16,9.48,67281,10
GARAN,1572880020152430103,D,9,5419,9.15,9.48,67281,10
GARAN,1572880020152430103,D,2,210,9.14,9.48,67281,10
GARAN,1572880020152430103,D,1,328,9.13,9.48,67281,10
GARAN,1572880020152430103,D,7,2133,9.12,9.48,67281,10
GARAN,1572880020152430103,D,14,1216,9.1,9.48,67281,10
GARAN,1572880020152430103,D,3,116,9.09,9.48,67281,10
GARAN,1572880020152430103,D,5,1214,9.08,9.48,67281,10
GARAN,1572880020152430103,D,2,210,9.06,9.48,67281,10
GARAN,1572880020152430103,D,7,254,9.05,9.48,67281,10
GARAN,1572880020152430103,D,4,810,9.04,9.48,67281,10
GARAN,1572880020152430103,D,2,112,9.03,9.48,67281,10
GARAN,1572880020152430103,D,3,2076,9.02,9.48,67281,10
GARAN,1572880020152430103,D,2,1110,9.01,9.48,67281,10
GARAN,1572880020152430103,D,18,4261,9.0,9.48,67281,10
GARAN,1572880020152430103,D,2,294,8.99,9.48,67281,10
GARAN,1572880020152430103,D,2,290,8.98,9.48,67281,10
GARAN,1572880020152430103,D,2,11,8.96,9.48,67281,10
GARAN,1572880020152430103,D,3,160,8.95,9.48,67281,10
GARAN,1572880020152430103,D,1,10,8.94,9.48,67281,10
GARAN,1572880020152430103,D,3,36,8.92,9.48,67281,10
GARAN,1572880020152430103,D,1,200,8.91,9.48,67281,10
GARAN,1572880020152430103,D,6,1275,8.9,9.48,67281,10
GARAN,1572880020152430103,D,1,11,8.89,9.48,67281,10
GARAN,1572880020152430103,D,4,2042,8.88,9.48,67281,10
GARAN,1572880020152430103,D,1,1000,8.87,9.48,67281,10
GARAN,1572880020152430103,D,2,1010,8.86,9.48,67281,10
GARAN,1572880020152430103,D,1,10,8.84,9.48,67281,10
GARAN,1572880020152430103,D,1,10,8.82,9.48,67281,10
GARAN,1572880020152430103,D,1,10,8.81,9.48,67281,10
GARAN,1572880020152430103,D,5,83,8.8,9.48,67281,10
GARAN,1572880020152430103,D,1,380,8.79,9.48,67281,10
GARAN,1572880020152430103,D,1,10,8.78,9.48,67281,10
GARAN,1572880020152430103,D,1,10,8.76,9.48,67281,10
GARAN,1572880020152430103,D,1,100,8.75,9.48,67281,10
GARAN,1572880020152430103,D,1,10,8.74,9.48,67281,10
GARAN,1572880020152430103,D,4,720,8.72,9.48,67281,10
GARAN,1572880020152430103,D,3,155,8.7,9.48,67281,10
GARAN,1572880020152430103,D,2,357,8.64,9.48,67281,10
GARAN,1572880020152430103,D,1,2500,8.62,9.48,67281,10
GARAN,1572880020152430103,D,1,1,8.61,9.48,67281,10
GARAN,1572880020152430103,D,1,5,8.6,9.48,67281,10
GARAN,1572880020152430103,D,3,15,8.51,9.48,67281,10
GARAN,1572880020152430103,D,8,140,8.5,9.48,67281,10
GARAN,1572880020152430103,D,1,5,8.46,9.48,67281,10
GARAN,1572880020152430103,D,1,5,8.4,9.48,67281,10
GARAN,1572880020152430103,D,2,275,8.35,9.48,67281,10
GARAN,1572880020152430103,D,1,5,8.3,9.48,67281,10
GARAN,1572880020152430103,D,2,100,8.25,9.48,67281,10
GARAN,1572880020152430103,D,1,13,8.23,9.48,67281,10
GARAN,1572880020152430103,D,1,13,8.21,9.48,67281,10
GARAN,1572880020152430103,D,4,560,8.2,9.48,67281,10
GARAN,1572880020152430103,D,1,13,8.19,9.48,67281,10
GARAN,1572880020152430103,D,1,8,8.18,9.48,67281,10
GARAN,1572880020152430103,D,1,13,8.17,9.48,67281,10
GARAN,1572880020152430103,D,1,13,8.15,9.48,67281,10
GARAN,1572880020152430103,D,1,13,8.13,9.48,67281,10
GARAN,1572880020152430103,D,1,14,8.12,9.48,67281,10
GARAN,1572880020152430103,D,1,13,8.11,9.48,67281,10
GARAN,1572880020152430103,D,2,55,8.1,9.48,67281,10
GARAN,1572880020152430103,D,1,13,8.09,9.48,67281,10
GARAN,1572880020152430103,D,1,13,8.07,9.48,67281,10
GARAN,1572880020152430103,D,1,3000,8.06,9.48,67281,10
GARAN,1572880020152430103,D,1,13,8.05,9.48,67281,10
GARAN,1572880020152430103,D,1,13,8.03,9.48,67281,10
GARAN,1572880020152430103,D,1,20,8.02,9.48,67281,10
GARAN,1572880020152430103,D,1,13,8.01,9.48,67281,10
GARAN,1572880020152430103,D,3,7,8.0,9.48,67281,10
GARAN,1572880020152430103,D,1,13,7.99,9.48,67281,10
GARAN,1572880020152430103,D,1,5,7.9,9.48,67281,10
GARAN,1572880020152430103,D,1,115,7.83,9.48,67281,10
GARAN,1572880020152430103,D,1,5,7.8,9.48,67281,10
GARAN,1572880020152430103,D,1,5,7.7,9.48,67281,10
GARAN,1572880020152430103,D,1,10,7.61,9.48,67281,10
GARAN,1572880020152430103,D,1,300,7.6,9.48,67281,10
GARAN,1572880020152430103,D,1,5,7.56,9.48,67281,10
GARAN,1572880020152430103,D,1,10,7.51,9.48,67281,10
GARAN,1572880020152430103,D,2,1300,7.5,9.48,67281,10
GARAN,1572880020152430103,D,7,67015,7.43,9.48,67281,10
GARAN,1572880080141673956,A,6,287107,9.47,9.48,31956,1
GARAN,1572880200116240965,D,28,26987,9.46,9.48,66282,9
GARAN,1572880200116240965,D,49,80592,9.45,9.48,66282,9
GARAN,1572880200116240965,D,13,9285,9.44,9.48,66282,9
GARAN,1572880200116240965,D,16,66974,9.43,9.48,66282,9
GARAN,1572880200116240965,D,30,34901,9.42,9.48,66282,9
GARAN,1572880200116240965,D,23,59902,9.41,9.48,66282,9
GARAN,1572880200116240965,D,53,87196,9.4,9.48,66282,9
GARAN,1572880200116240965,D,27,65742,9.39,9.48,66282,9
GARAN,1572880200116240965,D,20,15793,9.38,9.48,66282,9
GARAN,1572880200116240965,D,21,82215,9.37,9.48,66282,9
GARAN,1572880200116240965,D,15,35384,9.36,9.48,66282,9
GARAN,1572880200116240965,D,21,15816,9.35,9.48,66282,9
GARAN,1572880200116240965,D,7,21738,9.34,9.48,66282,9
GARAN,1572880200116240965,D,7,5903,9.33,9.48,66282,9
GARAN,1572880200116240965,D,5,2377,9.32,9.48,66282,9
GARAN,1572880200116240965,D,8,4055,9.31,9.48,66282,9
GARAN,1572880200116240965,D,16,10213,9.3,9.48,66282,9
GARAN,1572880200116240965,D,10,22167,9.29,9.48,66282,9
GARAN,1572880200116240965,D,28,9775,9.28,9.48,66282,9
GARAN,1572880200116240965,D,2,300,9.27,9.48,66282,9
GARAN,1572880200116240965,D,5,12155,9.26,9.48,66282,9
GARAN,1572880200116240965,D,10,13626,9.25,9.48,66282,9
GARAN,1572880200116240965,D,5,6904,9.24,9.48,66282,9
GARAN,1572880200116240965,D,5,10150,9.23,9.48,66282,9
GARAN,1572880200116240965,D,5,807,9.22,9.48,66282,9
GARAN,1572880200116240965,D,3,329,9.21,9.48,66282,9
GARAN,1572880200116240965,D,22,29636,9.2,9.48,66282,9
GARAN,1572880200116240965,D,2,43,9.19,9.48,66282,9
GARAN,1572880200116240965,D,8,2251,9.18,9.48,66282,9
GARAN,1572880200116240965,D,1,500,9.17,9.48,66282,9
GARAN,1572880200116240965,D,7,725,9.16,9.48,66282,9
GARAN,1572880200116240965,D,9,5419,9.15,9.48,66282,9
GARAN,1572880200116240965,D,2,210,9.14,9.48,66282,9
GARAN,1572880200116240965,D,1,328,9.13,9.48,66282,9
GARAN,1572880200116240965,D,7,2133,9.12,9.48,66282,9
GARAN,1572880200116240965,D,14,1216,9.1,9.48,66282,9
GARAN,1572880200116240965,D,3,116,9.09,9.48,66282,9
GARAN,1572880200116240965,D,5,1214,9.08,9.48,66282,9
GARAN,1572880200116240965,D,2,210,9.06,9.48,66282,9
GARAN,1572880200116240965,D,7,254,9.05,9.48,66282,9
GARAN,1572880200116240965,D,4,810,9.04,9.48,66282,9
GARAN,1572880200116240965,D,2,112,9.03,9.48,66282,9
GARAN,1572880200116240965,D,3,2076,9.02,9.48,66282,9
GARAN,1572880200116240965,D,2,1110,9.01,9.48,66282,9
GARAN,1572880200116240965,D,18,4261,9.0,9.48,66282,9
GARAN,1572880200116240965,D,2,294,8.99,9.48,66282,9
GARAN,1572880200116240965,D,2,290,8.98,9.48,66282,9
GARAN,1572880200116240965,D,2,11,8.96,9.48,66282,9
GARAN,1572880200116240965,D,3,160,8.95,9.48,66282,9
GARAN,1572880200116240965,D,1,10,8.94,9.48,66282,9
GARAN,1572880200116240965,D,3,36,8.92,9.48,66282,9
GARAN,1572880200116240965,D,1,200,8.91,9.48,66282,9
GARAN,1572880200116240965,D,6,1275,8.9,9.48,66282,9
GARAN,1572880200116240965,D,1,11,8.89,9.48,66282,9
GARAN,1572880200116240965,D,4,2042,8.88,9.48,66282,9
GARAN,1572880200116240965,D,1,1000,8.87,9.48,66282,9
GARAN,1572880200116240965,D,2,1010,8.86,9.48,66282,9
GARAN,1572880200116240965,D,1,10,8.84,9.48,66282,9
GARAN,1572880200116240965,D,1,10,8.82,9.48,66282,9
GARAN,1572880200116240965,D,1,10,8.81,9.48,66282,9
GARAN,1572880200116240965,D,5,83,8.8,9.48,66282,9
GARAN,1572880200116240965,D,1,380,8.79,9.48,66282,9
GARAN,1572880200116240965,D,1,10,8.78,9.48,66282,9
GARAN,1572880200116240965,D,1,10,8.76,9.48,66282,9
GARAN,1572880200116240965,D,1,100,8.75,9.48,66282,9
GARAN,1572880200116240965,D,1,10,8.74,9.48,66282,9
GARAN,1572880200116240965,D,4,720,8.72,9.48,66282,9
GARAN,1572880200116240965,D,3,155,8.7,9.48,66282,9
GARAN,1572880200116240965,D,2,357,8.64,9.48,66282,9
GARAN,1572880200116240965,D,1,2500,8.62,9.48,66282,9
GARAN,1572880200116240965,D,1,1,8.61,9.48,66282,9
GARAN,1572880200116240965,D,1,5,8.6,9.48,66282,9
GARAN,1572880200116240965,D,3,15,8.51,9.48,66282,9
GARAN,1572880200116240965,D,8,140,8.5,9.48,66282,9
GARAN,1572880200116240965,D,1,5,8.46,9.48,66282,9
GARAN,1572880200116240965,D,1,5,8.4,9.48,66282,9
GARAN,1572880200116240965,D,2,275,8.35,9.48,66282,9
GARAN,1572880200116240965,D,1,5,8.3,9.48,66282,9
GARAN,1572880200116240965,D,2,100,8.25,9.48,66282,9
GARAN,1572880200116240965,D,1,13,8.23,9.48,66282,9
GARAN,1572880200116240965,D,1,13,8.21,9.48,66282,9
GARAN,1572880200116240965,D,4,560,8.2,9.48,66282,9
GARAN,1572880200116240965,D,1,13,8.19,9.48,66282,9
GARAN,1572880200116240965,D,1,8,8.18,9.48,66282,9
GARAN,1572880200116240965,D,1,13,8.17,9.48,66282,9
GARAN,1572880200116240965,D,1,13,8.15,9.48,66282,9
GARAN,1572880200116240965,D,1,13,8.13,9.48,66282,9
GARAN,1572880200116240965,D,1,14,8.12,9.48,66282,9
GARAN,1572880200116240965,D,1,13,8.11,9.48,66282,9
GARAN,1572880200116240965,D,2,55,8.1,9.48,66282,9
GARAN,1572880200116240965,D,1,13,8.09,9.48,66282,9
GARAN,1572880200116240965,D,1,13,8.07,9.48,66282,9
GARAN,1572880200116240965,D,1,3000,8.06,9.48,66282,9
GARAN,1572880200116240965,D,1,13,8.05,9.48,66282,9
GARAN,1572880200116240965,D,1,13,8.03,9.48,66282,9
GARAN,1572880200116240965,D,1,20,8.02,9.48,66282,9
GARAN,1572880200116240965,D,1,13,8.01,9.48,66282,9
GARAN,1572880200116240965,D,3,7,8.0,9.48,66282,9
GARAN,1572880200116240965,D,1,13,7.99,9.48,66282,9
GARAN,1572880200116240965,D,1,5,7.9,9.48,66282,9
GARAN,1572880200116240965,D,1,115,7.83,9.48,66282,9
GARAN,1572880200116240965,D,1,5,7.8,9.48,66282,9
GARAN,1572880200116240965,D,1,5,7.7,9.48,66282,9
GARAN,1572880200116240965,D,1,10,7.61,9.48,66282,9
GARAN,1572880200116240965,D,1,300,7.6,9.48,66282,9
GARAN,1572880200116240965,D,1,5,7.56,9.48,66282,9
GARAN,1572880200116240965,D,1,10,7.51,9.48,66282,9
GARAN,1572880200116240965,D,2,1300,7.5,9.48,66282,9
GARAN,1572880200116240965,D,7,67015,7.43,9.48,66282,9
