date,DOHOL,THYAO
2019-12-31 10:00:01.535000320,1,0
2019-12-31 10:00:01.535000350,1,-1
2019-12-31 10:09:13.589000080,-1,0
2019-12-31 10:09:13.590000030,-1,-1
2019-12-31 10:19:50.898000030,1,1
2019-12-31 10:36:45.324000150,-1,-1
2019-12-31 11:50:20.863000010,-1,0
2019-12-31 11:50:20.864000030,-1,-1
2019-12-31 16:36:18.722000010,1,-1
2019-12-31 17:02:58.449000040,-1,0
2019-12-31 17:02:58.550000020,-1,-1
2019-12-31 17:49:02.800000030,1,0
2019-12-31 17:49:02.806000020,1,-1
2019-12-31 17:57:06.590000010,-1,0
2019-12-31 17:57:06.590000040,-1,-1
2019-12-31 17:59:34.232000060,1,-1
2020-01-02 10:03:01.943000020,1,0
2020-01-02 10:03:01.943000060,1,1
2020-01-02 10:06:10.590000070,-1,0
2020-01-02 10:06:10.590000110,-1,-1
2020-01-02 10:26:09.314000010,1,0
2020-01-02 10:26:09.315000020,1,1
2020-01-02 10:33:26.680000010,1,0
2020-01-02 10:33:26.695000020,1,-1
2020-01-02 10:38:16.440000040,1,0
2020-01-02 10:38:16.440000070,1,0
2020-01-02 10:44:26.421000010,-1,0
2020-01-02 10:44:26.429000020,-1,0
2020-01-02 10:47:39.777000050,1,1
2020-01-02 11:00:18.143000070,-1,0
2020-01-02 11:00:18.143000100,-1,0
2020-01-02 11:01:05.159000070,1,0
2020-01-02 11:01:11.233000010,-1,0
2020-01-02 11:01:11.237000020,-1,1
2020-01-02 11:24:36.010000010,-1,0
2020-01-02 11:24:36.011000020,-1,0
2020-01-02 11:24:43.604000010,1,0
2020-01-02 11:24:52.166000010,-1,0
2020-01-02 11:24:52.166000040,-1,1
2020-01-02 11:25:24.894000050,1,0
2020-01-02 11:25:28.424000030,-1,0
2020-01-02 11:25:28.424000060,-1,0
2020-01-02 11:26:57.434000050,1,1
2020-01-02 11:29:56.518000010,1,0
2020-01-02 11:29:56.524000020,1,1
2020-01-02 11:33:41.611000260,1,0
2020-01-02 11:33:41.612000020,1,1
2020-01-02 11:35:02.617000040,-1,0
2020-01-02 11:35:02.683000020,-1,1
2020-01-02 11:35:12.394000060,1,0
2020-01-02 11:35:12.496000100,-1,0
2020-01-02 11:35:12.496000130,-1,0
2020-01-02 11:35:13.001000020,1,1
2020-01-02 11:37:59.685000010,-1,0
2020-01-02 11:37:59.685000040,-1,-1
2020-01-02 12:13:20.373000030,-1,0
2020-01-02 12:13:20.373000060,-1,-1
2020-01-02 15:26:21.029000010,1,0
2020-01-02 15:26:21.029000040,1,1
2020-01-02 15:37:34.245000080,1,0
2020-01-02 15:37:34.265000040,1,1
2020-01-02 15:39:05.560000010,1,0
2020-01-02 15:39:05.561000020,1,1
2020-01-02 15:41:23.148000050,1,0
2020-01-02 15:41:23.148000090,1,0
2020-01-02 15:42:10.394000010,1,0
2020-01-02 15:42:10.401000020,1,1
2020-01-02 15:42:51.401000010,-1,0
2020-01-02 15:42:51.441000020,-1,0
2020-01-02 15:43:13.282000030,1,1
2020-01-02 16:00:35.161000010,-1,0
2020-01-02 16:00:35.173000020,-1,1
2020-01-02 16:48:12.706000010,1,1
2020-01-02 17:32:26.745000030,-1,0
2020-01-02 17:32:26.791000020,-1,1
2020-01-03 10:02:09.955000060,-1,0
2020-01-03 10:02:09.955000100,-1,-1
2020-01-03 10:09:59.181000070,1,1
2020-01-03 10:14:53.022000050,1,1
2020-01-03 10:15:57.089000040,-1,0
2020-01-03 10:15:57.089000070,-1,0
2020-01-03 10:16:12.352000060,1,1
2020-01-03 10:19:14.737000090,-1,0
2020-01-03 10:19:14.737000120,-1,-1
2020-01-03 10:30:19.281000110,1,1
2020-01-03 10:39:39.775000010,-1,0
2020-01-03 10:39:39.779000020,-1,1
2020-01-03 10:49:29.339000040,1,-1
2020-01-03 10:49:47.884000050,-1,1
2020-01-03 11:05:22.021000050,-1,0
2020-01-03 11:05:22.021000080,-1,-1
2020-01-03 11:10:18.181000010,-1,0
2020-01-03 11:10:18.181000040,-1,-1
2020-01-03 11:13:47.555000120,-1,0
2020-01-03 11:13:47.555000160,-1,1
2020-01-03 11:14:50.874000070,1,0
2020-01-03 11:14:50.874000100,1,-1
2020-01-03 11:19:20.122000030,1,-1
2020-01-03 11:24:06.019000180,-1,0
2020-01-03 11:24:06.052000020,-1,1
2020-01-03 11:25:12.920000010,1,1
2020-01-03 11:36:18.231000060,-1,0
2020-01-03 11:36:18.231000090,-1,-1
2020-01-03 12:00:51.940000010,-1,0
2020-01-03 12:00:51.941000020,-1,0
2020-01-03 12:01:02.784000030,1,1
2020-01-03 12:02:17.780000010,-1,0
2020-01-03 12:02:17.784000020,-1,1
2020-01-03 12:07:38.368000010,-1,0
2020-01-03 12:07:38.371000030,-1,1
2020-01-03 12:10:59.391000110,-1,1
2020-01-03 12:18:35.229000030,1,0
2020-01-03 12:18:48.239000010,-1,0
2020-01-03 12:18:50.883000030,1,1
2020-01-03 12:30:58.173000030,1,1
2020-01-03 12:52:34.026000020,-1,0
2020-01-03 12:52:34.027000020,-1,-1
2020-01-03 12:59:25.766000020,1,1
2020-01-03 13:27:39.527000030,-1,0
2020-01-03 13:27:39.603000020,-1,-1
2020-01-03 13:52:46.448000110,-1,0
2020-01-03 13:52:46.448000140,-1,1
2020-01-03 13:54:21.565000130,1,1
2020-01-03 13:54:32.487000080,-1,-1
2020-01-03 13:57:13.780000010,1,-1
2020-01-03 13:58:06.712000040,-1,-1
2020-01-03 14:07:59.699000020,-1,0
2020-01-03 14:07:59.699000070,-1,-1
2020-01-03 14:15:45.434000040,-1,0
2020-01-03 14:15:45.434000070,-1,0
2020-01-03 14:16:00.728000110,1,-1
2020-01-03 14:23:17.551000140,-1,-1
2020-01-03 14:24:25.391000080,-1,0
2020-01-03 14:24:25.392000030,-1,1
2020-01-03 14:27:02.430000050,-1,0
2020-01-03 14:27:02.430000080,-1,-1
2020-01-03 14:27:17.439000120,1,0
2020-01-03 14:27:17.440000020,1,-1
2020-01-03 14:36:23.437000090,1,1
2020-01-03 14:52:33.335000070,1,-1
2020-01-03 14:53:03.716000030,-1,1
2020-01-03 14:55:09.415000010,1,-1
2020-01-03 14:59:36.425000020,-1,-1
2020-01-03 15:06:58.931000040,-1,1
2020-01-03 15:07:32.535000070,1,-1
2020-01-03 15:09:30.047000030,-1,1
2020-01-03 15:12:45.142000010,1,1
2020-01-03 15:15:06.960000050,-1,1
2020-01-03 15:21:08.637000030,1,1
2020-01-03 15:29:24.749000050,1,0
2020-01-03 15:29:26.787000040,-1,-1
2020-01-03 15:29:51.461000030,1,1
2020-01-03 15:30:03.044000070,-1,0
2020-01-03 15:30:20.925000030,1,-1
2020-01-03 15:33:42.252000010,1,1
2020-01-03 15:43:16.321000020,-1,-1
2020-01-03 15:43:27.763000010,1,1
2020-01-03 16:08:02.284000030,1,-1
2020-01-03 16:14:46.839000010,-1,0
2020-01-03 16:14:52.622000050,1,-1
2020-01-03 16:16:47.291000040,-1,0
2020-01-03 16:16:47.401000010,1,0
2020-01-03 16:16:47.595000020,-1,0
2020-01-03 16:16:48.830000010,1,-1
2020-01-03 16:17:13.808000020,-1,0
2020-01-03 16:17:18.952000020,1,1
2020-01-03 16:21:57.027000010,-1,-1
2020-01-03 16:22:24.325000020,1,0
2020-01-03 16:22:24.425000000,-1,-1
2020-01-03 16:22:32.636000010,1,0
2020-01-03 16:22:33.715000000,-1,-1
2020-01-03 16:24:53.827000020,1,0
2020-01-03 16:24:54.134000020,-1,-1
2020-01-03 17:20:47.446000060,1,0
2020-01-03 17:20:47.446000090,1,0
2020-01-03 17:21:03.391000010,-1,-1
2020-01-03 17:23:11.530000020,1,-1
2020-01-03 17:50:46.864000020,1,0
2020-01-03 17:50:48.688000010,1,0
2020-01-03 17:50:48.692000010,-1,0
2020-01-03 17:50:51.131000060,1,-1
2020-01-03 17:50:59.520000050,-1,1
2020-01-06 10:00:18.945000030,-1,-1
2020-01-06 10:03:22.795000110,1,1
2020-01-06 10:03:57.972000170,1,1
2020-01-06 10:18:11.994000070,-1,0
2020-01-06 10:18:12.039000020,-1,-1
2020-01-06 10:18:35.123000020,-1,0
2020-01-06 10:18:35.123000060,-1,1
2020-01-06 10:19:29.325000030,1,-1
2020-01-06 10:34:45.995000020,1,1
2020-01-06 10:41:39.926000010,1,1
2020-01-06 10:58:21.299000030,-1,0
2020-01-06 10:58:21.305000020,-1,1
2020-01-06 11:13:29.339000020,-1,-1
2020-01-06 11:14:27.537000010,1,1
2020-01-06 11:35:25.468000090,-1,-1
2020-01-06 11:35:50.364000110,1,1
2020-01-06 11:35:52.795000100,-1,0
2020-01-06 11:35:54.717000130,1,0
2020-01-06 11:35:54.731000020,1,0
2020-01-06 11:36:15.801000010,-1,-1
2020-01-06 12:04:48.885000030,1,0
2020-01-06 12:04:51.717000070,-1,0
2020-01-06 12:04:51.717000100,-1,0
2020-01-06 12:04:57.885000010,1,0
2020-01-06 12:05:07.884000010,-1,-1
2020-01-06 12:24:07.165000020,1,0
2020-01-06 12:24:38.482000010,-1,0
2020-01-06 12:24:38.482000040,-1,0
2020-01-06 12:24:39.671000050,1,-1
2020-01-06 12:26:01.283000000,1,1
2020-01-06 12:26:24.594000010,-1,0
2020-01-06 12:26:24.594000040,-1,-1
2020-01-06 12:30:41.706000030,-1,-1
2020-01-06 12:40:58.923000010,1,-1
2020-01-06 17:02:14.776000030,-1,0
2020-01-06 17:02:14.776000060,-1,1
2020-01-07 10:00:08.249000060,-1,0
2020-01-07 10:00:08.249000090,-1,0
2020-01-07 10:00:10.094000170,1,1
2020-01-07 10:19:26.867000010,-1,-1
2020-01-07 10:22:27.960000020,1,1
2020-01-07 10:42:39.514000030,-1,-1
2020-01-07 11:34:58.490000140,-1,0
2020-01-07 11:34:58.562000030,-1,-1
2020-01-07 12:02:44.606000090,1,0
2020-01-07 12:02:44.673000020,1,-1
2020-01-07 12:15:48.543000030,-1,0
2020-01-07 12:15:58.292000170,1,-1
2020-01-07 12:32:54.205000020,1,0
2020-01-07 12:32:54.306000020,1,0
2020-01-07 12:33:40.781000010,1,0
2020-01-07 12:33:40.796000020,1,-1
2020-01-07 12:34:10.781000080,-1,0
2020-01-07 12:34:12.787000020,1,1
2020-01-07 12:36:04.828000030,1,1
2020-01-07 12:36:24.995000010,-1,-1
2020-01-07 12:36:31.147000060,1,0
2020-01-07 12:36:31.236000020,1,1
2020-01-07 12:41:33.418000010,1,0
2020-01-07 12:41:33.418000050,1,0
2020-01-07 12:41:33.441000030,-1,0
2020-01-07 12:41:33.719000010,1,0
2020-01-07 12:41:34.148000010,-1,0
2020-01-07 12:41:34.224000020,-1,1
2020-01-07 12:44:30.517000020,1,0
2020-01-07 12:45:08.148000020,-1,0
2020-01-07 12:45:11.468000010,1,-1
2020-01-07 12:51:37.199000040,-1,0
2020-01-07 12:51:37.199000070,-1,-1
2020-01-07 12:57:03.781000020,1,0
2020-01-07 12:57:13.082000030,-1,0
2020-01-07 12:57:14.753000040,1,0
2020-01-07 12:57:16.263000010,-1,0
2020-01-07 12:57:18.078000080,1,0
2020-01-07 12:57:19.188000010,-1,1
2020-01-07 13:04:03.128000010,1,-1
2020-01-07 13:06:54.830000080,-1,0
2020-01-07 13:06:56.239000030,1,1
2020-01-07 13:22:50.134000040,-1,0
2020-01-07 13:22:50.134000070,-1,0
2020-01-07 13:23:03.312000010,1,-1
2020-01-07 13:38:12.634000040,-1,0
2020-01-07 13:38:12.634000070,-1,-1
2020-01-07 14:04:27.674000080,1,-1
2020-01-07 14:19:06.380000010,1,0
2020-01-07 14:19:06.381000020,1,0
2020-01-07 14:25:26.240000010,1,0
2020-01-07 14:25:26.240000040,1,1
2020-01-07 14:31:15.299000010,-1,0
2020-01-07 14:31:18.862000020,1,0
2020-01-07 14:31:47.197000010,-1,0
2020-01-07 14:33:09.810000010,1,1
2020-01-07 15:06:13.382000080,1,0
2020-01-07 15:06:13.382000120,1,1
2020-01-07 15:15:51.490000010,-1,0
2020-01-07 15:15:51.548000020,-1,-1
2020-01-07 15:22:56.049000100,1,0
2020-01-07 15:22:56.960000140,-1,0
2020-01-07 15:22:57.661000060,1,0
2020-01-07 15:22:58.673000000,-1,0
2020-01-07 15:22:58.774000010,1,0
2020-01-07 15:23:25.051000170,-1,-1
2020-01-07 15:33:50.430000030,1,1
2020-01-07 15:41:50.845000020,-1,-1
2020-01-07 16:38:12.111000010,1,1
2020-01-07 16:48:51.285000010,-1,-1
2020-01-07 16:55:28.157000030,1,0
2020-01-07 16:55:28.157000060,1,1
2020-01-07 16:58:09.163000050,-1,0
2020-01-07 16:58:23.936000020,1,0
2020-01-07 16:58:42.055000010,-1,0
2020-01-07 16:58:50.767000010,1,0
2020-01-07 17:00:09.004000010,-1,0
2020-01-07 17:00:09.705000020,1,0
2020-01-07 17:00:14.184000010,-1,0
2020-01-07 17:01:15.919000020,1,0
2020-01-07 17:01:25.000000060,-1,1
2020-01-07 17:33:23.707000010,-1,1
2020-01-07 17:39:49.859000120,1,0
2020-01-07 17:40:04.346000020,-1,-1
2020-01-07 17:43:08.728000100,1,-1
2020-01-07 17:45:08.703000010,-1,0
2020-01-07 17:45:08.703000040,-1,-1
2020-01-08 10:00:11.014000060,-1,0
2020-01-08 10:00:11.014000090,-1,1
2020-01-08 10:01:14.430000010,-1,0
2020-01-08 10:01:17.715000050,1,0
2020-01-08 10:01:23.506000060,-1,1
2020-01-08 10:01:33.770000140,1,0
2020-01-08 10:01:34.783000030,-1,-1
2020-01-08 10:01:41.992000020,1,1
2020-01-08 10:02:08.945000050,1,0
2020-01-08 10:02:08.974000030,1,1
2020-01-08 10:06:53.653000050,1,1
2020-01-08 10:16:10.383000020,-1,0
2020-01-08 10:16:10.383000050,-1,1
2020-01-08 10:26:13.981000020,1,-1
2020-01-08 10:37:41.543000050,-1,-1
2020-01-08 10:39:44.537000020,1,1
2020-01-08 10:43:59.237000010,-1,1
2020-01-08 10:44:13.084000030,1,-1
2020-01-08 11:08:09.095000060,-1,-1
2020-01-08 11:35:58.634000030,-1,0
2020-01-08 11:35:58.634000060,-1,-1
2020-01-08 11:36:24.307000040,1,1
2020-01-08 11:36:35.929000070,-1,1
2020-01-08 11:49:22.814000010,1,1
2020-01-08 13:08:43.996000030,1,0
2020-01-08 13:08:44.097000030,1,-1
2020-01-08 13:35:46.760000020,-1,-1
2020-01-08 14:01:03.179000010,1,0
2020-01-08 14:01:03.180000020,1,1
2020-01-08 14:32:38.345000010,-1,0
2020-01-08 14:32:38.345000040,-1,1
2020-01-08 14:35:00.537000010,1,1
2020-01-08 14:36:26.434000010,-1,0
2020-01-08 14:37:02.893000010,1,0
2020-01-08 14:37:02.894000020,1,-1
2020-01-08 14:37:48.419000100,-1,0
2020-01-08 14:37:50.435000010,1,1
2020-01-08 14:38:31.888000050,-1,0
2020-01-08 14:38:35.887000030,1,-1
2020-01-08 14:43:19.016000050,-1,0
2020-01-08 14:43:20.423000010,1,0
2020-01-08 14:44:09.007000030,-1,0
2020-01-08 14:44:29.167000010,1,-1
2020-01-08 14:44:42.718000020,-1,0
2020-01-08 14:44:45.038000030,1,0
2020-01-08 14:45:52.901000040,-1,0
2020-01-08 14:45:52.901000070,-1,-1
2020-01-08 14:47:03.036000010,1,0
2020-01-08 14:47:06.063000010,1,0
2020-01-08 14:47:08.684000030,-1,0
2020-01-08 14:47:12.115000000,1,1
2020-01-08 14:48:32.617000040,-1,1
2020-01-08 14:48:56.909000020,1,1
2020-01-08 14:49:58.799000040,-1,0
2020-01-08 14:50:23.042000000,1,1
2020-01-08 14:54:46.926000030,-1,1
2020-01-08 14:54:48.344000010,1,-1
2020-01-08 14:55:09.033000000,-1,0
2020-01-08 14:55:26.455000010,1,0
2020-01-08 14:55:33.508000010,1,1
2020-01-08 14:56:03.127000030,-1,0
2020-01-08 14:56:25.860000010,1,-1
2020-01-08 14:58:55.900000030,-1,0
2020-01-08 14:58:56.122000050,1,0
2020-01-08 14:59:03.465000070,1,0
2020-01-08 15:00:40.421000020,-1,0
2020-01-08 15:00:40.436000020,-1,-1
2020-01-08 15:01:02.409000070,1,0
2020-01-08 15:01:15.222000010,-1,0
2020-01-08 15:01:22.573000020,1,0
2020-01-08 15:02:25.306000020,-1,0
2020-01-08 15:02:52.325000000,1,1
2020-01-08 15:06:12.373000020,-1,1
2020-01-08 15:06:22.688000000,1,1
2020-01-08 15:38:14.429000070,-1,-1
2020-01-08 16:24:25.865000510,1,-1
2020-01-08 16:25:29.837000020,-1,0
2020-01-08 16:25:30.748000010,1,1
2020-01-08 16:33:15.952000020,-1,1
2020-01-08 17:12:07.832000100,-1,0
2020-01-08 17:12:07.847000050,-1,1
2020-01-08 17:13:09.991000060,-1,0
2020-01-08 17:13:09.991000100,-1,-1
2020-01-08 17:15:03.348000020,1,0
2020-01-08 17:15:03.443000010,-1,0
2020-01-08 17:15:03.551000020,1,0
2020-01-08 17:15:04.842000030,-1,0
2020-01-08 17:15:06.195000000,1,-1
2020-01-08 17:15:10.552000010,-1,0
2020-01-08 17:15:10.757000010,-1,0
2020-01-08 17:15:11.605000050,1,0
2020-01-08 17:15:14.503000030,-1,0
2020-01-08 17:15:16.734000010,1,0
2020-01-08 17:15:16.837000080,-1,0
2020-01-08 17:15:17.246000050,-1,-1
2020-01-08 17:15:22.829000020,1,1
2020-01-08 17:23:07.512000040,-1,1
2020-01-08 17:26:31.057000170,1,-1
2020-01-08 17:26:47.833000530,-1,0
2020-01-08 17:26:48.860000020,1,0
2020-01-08 17:26:49.468000050,-1,0
2020-01-08 17:26:49.772000130,1,1
2020-01-08 17:59:23.005000040,1,0
2020-01-08 17:59:23.005000070,1,0
2020-01-08 17:59:36.723000050,-1,-1
2020-01-09 10:01:11.583000050,1,0
2020-01-09 10:01:11.604000030,1,1
2020-01-09 10:06:04.772000030,-1,-1
2020-01-09 10:09:48.323000020,1,0
2020-01-09 10:09:49.240000040,-1,1
2020-01-09 10:10:00.406000010,1,1
2020-01-09 10:10:25.960000010,-1,-1
2020-01-09 10:17:18.515000060,1,-1
2020-01-09 10:17:25.885000010,-1,-1
2020-01-09 10:17:55.569000020,1,1
2020-01-09 10:18:40.713000020,-1,0
2020-01-09 10:18:41.930000010,1,0
2020-01-09 10:18:42.133000100,-1,0
2020-01-09 10:18:46.342000130,1,1
2020-01-09 10:43:13.477000050,1,0
2020-01-09 10:43:13.484000020,1,0
2020-01-09 10:43:39.910000060,-1,0
2020-01-09 10:43:39.911000020,-1,-1
2020-01-09 11:04:13.073000030,1,-1
2020-01-09 11:04:20.880000070,-1,0
2020-01-09 11:04:32.554000030,1,-1
2020-01-09 11:05:06.012000010,-1,-1
2020-01-09 11:05:21.385000030,1,0
2020-01-09 11:05:22.184000020,-1,-1
2020-01-09 11:52:57.945000050,1,0
2020-01-09 11:52:57.946000020,1,-1
2020-01-09 11:54:58.285000050,1,0
2020-01-09 11:54:58.285000080,1,1
2020-01-09 11:56:06.533000010,1,0
2020-01-09 11:56:06.548000040,1,0
2020-01-09 11:56:49.359000110,1,1
2020-01-09 11:59:02.365000010,-1,-1
2020-01-09 11:59:43.494000060,1,1
2020-01-09 12:01:45.605000060,-1,0
2020-01-09 12:01:53.291000070,1,-1
2020-01-09 12:04:27.318000030,-1,0
2020-01-09 12:04:27.925000010,1,0
2020-01-09 12:04:32.062000040,-1,0
2020-01-09 12:04:36.002000030,-1,0
2020-01-09 12:04:37.820000030,1,1
2020-01-09 12:04:56.201000010,-1,0
2020-01-09 12:04:57.131000010,-1,0
2020-01-09 12:04:59.871000010,1,1
2020-01-09 12:32:07.281000010,-1,0
2020-01-09 12:32:07.305000020,-1,0
2020-01-09 12:33:07.018000020,1,0
2020-01-09 12:33:09.747000060,-1,0
2020-01-09 12:33:09.849000070,1,0
2020-01-09 12:33:36.240000090,-1,0
2020-01-09 12:33:38.116000020,1,-1
2020-01-09 12:50:54.642000010,1,0
2020-01-09 12:50:54.642000050,1,-1
2020-01-09 12:51:56.942000010,1,0
2020-01-09 12:51:56.942000050,1,1
2020-01-09 13:01:00.522000140,-1,0
2020-01-09 13:01:00.523000020,-1,-1
2020-01-09 13:05:45.426000050,1,1
2020-01-09 13:24:53.784000010,-1,0
2020-01-09 13:24:55.448000240,1,0
2020-01-09 13:25:11.871000020,-1,0
2020-01-09 13:25:11.879000020,-1,0
2020-01-09 13:25:12.584000010,1,0
2020-01-09 13:25:12.788000010,1,0
2020-01-09 13:25:13.392000050,-1,0
2020-01-09 13:25:13.393000020,-1,0
2020-01-09 13:25:21.180000020,1,1
2020-01-09 13:27:08.645000010,-1,0
2020-01-09 13:27:10.768000020,1,-1
2020-01-09 13:29:19.973000040,-1,0
2020-01-09 13:29:20.495000000,1,0
2020-01-09 13:30:09.677000090,-1,0
2020-01-09 13:30:24.428000020,-1,0
2020-01-09 13:30:26.035000010,1,0
2020-01-09 13:30:34.329000010,-1,0
2020-01-09 13:30:41.812000030,1,0
2020-01-09 13:30:43.441000000,-1,-1
2020-01-09 14:55:37.421000010,-1,0
2020-01-09 14:55:37.455000020,-1,-1
2020-01-09 14:56:42.440000030,1,1
2020-01-09 15:10:35.913000050,-1,-1
2020-01-09 16:11:00.483000010,1,-1
2020-01-09 17:58:26.626000010,1,-1
2020-01-10 10:00:07.682000060,1,0
2020-01-10 10:00:07.682000090,1,1
2020-01-10 10:02:12.656000060,1,0
2020-01-10 10:02:12.656000110,1,1
2020-01-10 10:03:10.196000180,-1,-1
2020-01-10 10:10:49.157000060,1,-1
2020-01-10 10:16:31.937000110,-1,-1
2020-01-10 10:28:22.073000050,-1,1
2020-01-10 10:30:00.409000150,1,1
2020-01-10 10:39:31.458000010,-1,0
2020-01-10 10:39:44.326000010,1,-1
2020-01-10 10:39:50.506000230,-1,1
2020-01-10 10:40:04.496000140,1,1
2020-01-10 10:49:27.480000040,-1,1
2020-01-10 10:55:05.868000030,-1,0
2020-01-10 10:55:05.968000010,-1,-1
2020-01-10 10:55:18.827000050,1,1
2020-01-10 11:20:30.604000350,1,0
2020-01-10 11:20:30.604000380,1,1
2020-01-10 11:28:26.503000010,-1,-1
2020-01-10 11:39:30.410000010,-1,0
2020-01-10 11:39:30.410000040,-1,1
2020-01-10 11:39:56.136000330,1,1
2020-01-10 11:39:59.704000030,-1,-1
2020-01-10 11:40:15.775000100,1,1
2020-01-10 11:42:37.479000010,-1,-1
2020-01-10 11:43:26.581000010,1,1
2020-01-10 11:45:38.344000020,1,1
2020-01-10 11:52:07.117000030,-1,0
2020-01-10 11:52:07.117000060,-1,0
2020-01-10 11:52:13.194000060,1,0
2020-01-10 11:52:18.495000060,-1,1
2020-01-10 11:52:31.175000140,1,1
2020-01-10 11:53:17.997000080,-1,-1
2020-01-10 12:55:04.220000020,1,0
2020-01-10 12:55:04.227000020,1,1
2020-01-10 15:23:36.064000020,1,0
2020-01-10 15:23:36.064000050,1,1
2020-01-10 15:27:04.766000040,1,1
2020-01-10 15:27:07.181000020,-1,-1
2020-01-10 16:11:42.117000010,-1,0
2020-01-10 16:11:44.238000010,1,0
2020-01-10 16:11:44.745000020,-1,0
2020-01-10 16:11:44.745000050,-1,0
2020-01-10 16:11:44.844000010,1,0
2020-01-10 16:11:46.778000050,-1,1
2020-01-10 16:11:50.082000010,1,-1
2020-01-10 16:44:58.339000030,-1,-1
2020-01-10 16:46:32.163000100,1,1
2020-01-10 16:47:11.267000020,-1,0
2020-01-10 16:47:14.109000050,1,1
2020-01-10 16:53:32.769000050,1,0
2020-01-10 16:53:32.769000080,1,-1
2020-01-10 16:53:51.466000150,1,0
2020-01-10 16:53:51.537000020,1,1
2020-01-10 17:50:57.406000010,1,-1
2020-01-10 17:54:51.554000010,1,0
2020-01-10 17:54:52.980000010,-1,0
2020-01-10 17:54:52.980000040,-1,0
2020-01-10 17:54:55.014000010,1,-1
2020-01-10 17:59:28.429000010,-1,0
2020-01-10 17:59:28.429000040,-1,-1
2020-01-10 17:59:42.453000010,1,1
2020-01-10 18:08:00.444000400,-1,0
2020-01-13 10:25:00.072000040,1,0
2020-01-13 10:25:00.072000080,1,0
2020-01-13 10:25:13.979000010,-1,-1
2020-01-13 11:02:40.443000010,1,1
2020-01-13 11:09:21.600000060,1,0
2020-01-13 11:09:21.600000090,1,-1
2020-01-13 11:09:49.227000020,-1,-1
2020-01-13 11:11:09.938000020,1,-1
2020-01-13 11:11:42.632000070,1,1
2020-01-13 11:11:50.135000060,-1,0
2020-01-13 11:11:52.548000020,1,0
2020-01-13 11:11:52.873000030,1,-1
2020-01-13 11:16:59.992000030,-1,0
2020-01-13 11:17:04.934000030,1,1
2020-01-13 11:48:04.674000060,-1,-1
2020-01-13 12:05:36.131000090,-1,0
2020-01-13 12:05:36.132000020,-1,1
2020-01-13 12:24:59.077000010,1,1
2020-01-13 12:25:31.753000010,-1,-1
2020-01-13 12:26:15.925000070,1,1
2020-01-13 12:27:11.005000020,-1,0
2020-01-13 12:27:24.981000030,1,-1
2020-01-13 14:01:41.255000010,1,0
2020-01-13 14:01:41.261000020,1,1
2020-01-13 14:49:41.965000040,1,0
2020-01-13 14:49:41.965000080,1,-1
2020-01-13 14:51:48.651000020,1,0
2020-01-13 14:51:48.694000020,1,-1
2020-01-13 14:54:11.538000020,-1,0
2020-01-13 14:54:11.570000020,-1,0
2020-01-13 14:54:11.772000040,1,1
2020-01-13 14:54:34.006000020,-1,0
2020-01-13 14:54:47.728000050,1,-1
2020-01-13 14:58:57.845000020,-1,0
2020-01-13 14:59:13.223000060,1,0
2020-01-13 14:59:14.439000140,-1,0
2020-01-13 14:59:14.439000170,-1,0
2020-01-13 14:59:14.589000040,1,1
2020-01-13 15:00:24.730000010,-1,-1
2020-01-13 15:10:25.942000010,-1,-1
2020-01-13 15:22:27.593000020,-1,0
2020-01-13 15:22:27.686000020,-1,-1
2020-01-13 15:27:26.177000010,1,1
2020-01-13 16:13:55.253000110,-1,0
2020-01-13 16:13:57.836000060,1,1
2020-01-13 16:43:17.646000010,-1,-1
2020-01-13 16:46:21.507000020,1,1
2020-01-14 10:00:15.640000230,1,0
2020-01-14 10:00:15.647000020,1,0
2020-01-14 10:00:19.303000100,-1,0
2020-01-14 10:00:19.303000130,-1,-1
2020-01-14 10:03:21.010000060,-1,-1
2020-01-14 10:08:04.458000040,1,1
2020-01-14 10:32:31.140000030,-1,1
2020-01-14 10:48:37.456000090,-1,-1
2020-01-14 10:49:21.109000010,-1,0
2020-01-14 10:49:21.109000040,-1,-1
2020-01-14 10:50:05.461000090,-1,0
2020-01-14 10:50:05.462000030,-1,0
2020-01-14 10:50:15.694000060,1,-1
2020-01-14 10:50:26.967000160,-1,1
2020-01-14 10:51:35.124000040,-1,0
2020-01-14 10:51:35.125000020,-1,-1
2020-01-14 10:52:16.209000020,1,-1
2020-01-14 10:56:23.354000060,-1,1
2020-01-14 10:58:39.525000020,1,0
2020-01-14 11:00:26.163000040,1,-1
2020-01-14 11:05:19.646000090,-1,-1
2020-01-14 12:00:51.998000020,1,0
2020-01-14 12:00:51.998000050,1,1
2020-01-14 12:15:47.901000010,1,1
2020-01-14 12:52:42.550000110,1,1
2020-01-14 12:53:24.366000080,1,-1
2020-01-14 12:53:45.275000040,-1,-1
2020-01-14 13:05:04.683000010,1,-1
2020-01-14 13:07:42.917000010,-1,1
2020-01-14 13:37:19.289000110,-1,0
2020-01-14 13:37:19.315000020,-1,-1
2020-01-14 13:38:34.818000010,1,0
2020-01-14 13:38:34.828000020,1,1
2020-01-14 14:26:36.276000010,-1,-1
2020-01-14 14:26:56.595000020,1,1
2020-01-14 14:36:10.393000020,1,0
2020-01-14 14:36:28.678000020,1,1
2020-01-14 14:38:41.315000020,1,0
2020-01-14 14:38:42.524000050,-1,1
2020-01-14 14:57:57.312000170,-1,1
2020-01-14 15:23:57.990000050,-1,1
2020-01-14 15:43:22.803000010,-1,-1
2020-01-14 15:51:20.385000020,1,0
2020-01-14 15:51:20.385000050,1,1
2020-01-14 17:34:47.841000010,-1,0
2020-01-14 17:34:47.841000040,-1,1
2020-01-15 10:00:29.183000040,1,0
2020-01-15 10:00:29.183000080,1,1
2020-01-15 10:00:29.990000210,-1,1
2020-01-15 10:03:24.105000190,1,1
2020-01-15 10:03:48.633000160,1,0
2020-01-15 10:03:48.634000030,1,0
2020-01-15 10:03:49.656000020,-1,1
2020-01-15 10:23:07.974000070,-1,0
2020-01-15 10:23:07.974000110,-1,-1
2020-01-15 11:15:17.994000010,-1,0
2020-01-15 11:15:17.994000040,-1,1
2020-01-15 11:22:07.777000060,-1,0
2020-01-15 11:22:07.796000020,-1,0
2020-01-15 11:22:26.733000320,1,0
2020-01-15 11:22:26.734000020,1,1
2020-01-15 11:31:03.650000010,-1,0
2020-01-15 11:31:03.650000040,-1,0
2020-01-15 11:31:03.956000090,1,0
2020-01-15 11:31:11.305000020,-1,0
2020-01-15 11:31:11.716000520,1,1
2020-01-15 11:33:28.066000120,-1,-1
2020-01-15 11:34:18.511000100,1,-1
2020-01-15 11:34:58.092000050,-1,-1
2020-01-15 11:38:29.648000020,-1,0
2020-01-15 11:38:29.648000060,-1,-1
2020-01-15 11:38:39.445000100,1,-1
2020-01-15 12:02:25.307000020,1,-1
2020-01-15 12:15:41.053000010,-1,0
2020-01-15 12:15:41.154000010,1,-1
2020-01-15 12:16:47.707000040,-1,1
2020-01-15 12:20:19.683000010,1,1
2020-01-15 12:42:18.928000020,-1,1
2020-01-15 12:57:04.883000010,1,-1
2020-01-15 13:23:05.470000010,-1,-1
2020-01-15 14:06:00.876000010,1,-1
2020-01-15 15:19:47.222000010,1,0
2020-01-15 15:19:47.294000020,1,-1
2020-01-15 16:09:30.209000040,1,0
2020-01-15 16:09:30.209000070,1,0
2020-01-15 16:09:47.972000010,-1,-1
2020-01-15 16:27:07.193000020,-1,1
2020-01-15 16:27:07.340000260,1,0
2020-01-15 16:27:09.214000010,-1,1
2020-01-15 16:36:05.380000050,-1,-1
2020-01-15 16:41:43.695000040,1,0
2020-01-15 16:41:43.704000020,1,1
2020-01-15 16:49:06.893000050,-1,1
2020-01-15 17:20:09.553000040,1,1
2020-01-15 17:21:09.465000010,-1,0
2020-01-15 17:21:58.631000020,1,0
2020-01-15 17:21:59.745000020,-1,0
2020-01-15 17:22:09.070000010,1,0
2020-01-15 17:22:09.070000040,1,0
2020-01-15 17:23:21.239000040,-1,-1
2020-01-15 17:23:24.178000020,1,-1
2020-01-15 17:24:41.115000020,-1,0
2020-01-15 17:24:41.115000050,-1,-1
2020-01-15 17:32:48.860000060,1,0
2020-01-15 17:32:48.860000090,1,0
2020-01-15 17:32:54.335000030,-1,-1
2020-01-15 17:37:39.306000010,1,0
2020-01-15 17:37:40.018000090,-1,1
2020-01-15 17:40:20.847000040,1,-1
2020-01-15 17:41:49.658000160,-1,0
2020-01-15 17:41:50.885000010,1,0
2020-01-15 17:41:51.090000060,-1,0
2020-01-15 17:42:00.837000020,1,0
2020-01-15 17:42:01.753000050,-1,1
2020-01-15 17:43:41.440000020,1,1
2020-01-15 17:43:44.414000220,-1,-1
2020-01-15 17:43:59.025000020,1,0
2020-01-15 17:43:59.026000020,1,-1
2020-01-15 17:44:59.535000010,-1,0
2020-01-15 17:45:21.969000000,-1,-1
2020-01-15 17:46:48.285000060,1,1
2020-01-15 17:47:04.519000050,-1,1
2020-01-16 10:00:03.589000450,1,0
2020-01-16 10:00:03.589000480,1,1
2020-01-16 10:01:23.512000080,-1,-1
2020-01-16 10:01:32.349000300,1,0
2020-01-16 10:01:45.755000030,-1,-1
2020-01-16 10:10:50.348000050,1,-1
2020-01-16 10:26:38.324000030,1,0
2020-01-16 10:26:38.324000060,1,-1
2020-01-16 10:32:10.412000010,-1,-1
2020-01-16 10:33:42.103000030,1,-1
2020-01-16 10:34:10.476000090,-1,0
2020-01-16 10:34:17.578000060,1,1
2020-01-16 10:59:52.287000010,-1,0
2020-01-16 11:00:01.111000080,1,1
2020-01-16 11:37:47.944000110,-1,1
2020-01-16 12:41:48.685000140,-1,1
2020-01-16 13:04:28.575000010,1,1
2020-01-16 14:03:22.256000010,-1,-1
2020-01-16 14:05:25.765000040,1,1
2020-01-16 14:18:55.877000030,-1,0
2020-01-16 14:18:55.877000060,-1,1
2020-01-16 15:38:44.098000110,-1,1
2020-01-16 15:39:48.618000060,1,0
2020-01-16 15:40:08.601000070,-1,0
2020-01-16 15:40:08.601000100,-1,-1
2020-01-16 15:44:28.119000010,1,1
2020-01-16 15:45:11.387000020,-1,0
2020-01-16 15:45:11.387000050,-1,-1
2020-01-16 15:50:31.677000270,1,1
2020-01-16 15:51:13.115000190,-1,1
2020-01-16 16:31:10.209000060,-1,0
2020-01-16 16:31:10.210000030,-1,-1
2020-01-16 16:35:11.249000180,-1,0
2020-01-16 16:35:11.249000210,-1,1
2020-01-16 16:35:38.013000020,1,1
2020-01-16 17:12:42.487000010,-1,0
2020-01-16 17:12:42.489000020,-1,-1
2020-01-16 17:20:21.097000080,-1,0
2020-01-16 17:20:21.097000120,-1,-1
2020-01-16 17:22:59.381000060,-1,0
2020-01-16 17:22:59.382000030,-1,-1
2020-01-16 17:25:43.186000100,1,1
2020-01-16 17:25:50.180000150,-1,0
2020-01-16 17:25:50.180000180,-1,0
2020-01-16 17:25:50.679000020,1,0
2020-01-16 17:25:50.898000010,-1,-1
2020-01-16 17:25:55.017000190,1,0
2020-01-16 17:25:55.532000130,-1,-1
2020-01-16 17:27:44.882000240,1,1
2020-01-16 17:28:39.798000040,-1,0
2020-01-16 17:28:40.718000090,1,0
2020-01-16 17:28:52.658000090,-1,0
2020-01-16 17:28:52.745000010,1,1
2020-01-16 17:40:01.069000030,1,0
2020-01-16 17:40:01.170000020,1,-1
2020-01-16 17:40:21.765000020,-1,-1
2020-01-17 10:11:51.113000040,-1,1
2020-01-17 10:36:13.362000050,-1,-1
2020-01-17 10:43:35.544000030,-1,0
2020-01-17 10:44:24.921000080,1,1
2020-01-17 11:40:24.915000010,1,0
2020-01-17 11:40:24.915000040,1,1
2020-01-17 11:40:51.263000040,-1,-1
2020-01-17 12:45:34.332000010,-1,1
2020-01-17 12:53:23.430000050,1,1
2020-01-17 13:06:05.785000010,-1,0
2020-01-17 13:07:06.449000020,1,1
2020-01-17 16:14:23.923000110,-1,0
2020-01-17 16:14:23.923000150,-1,-1
2020-01-17 16:15:15.242000020,1,0
2020-01-17 16:15:15.242000050,1,1
2020-01-17 16:15:30.548000010,-1,0
2020-01-17 16:16:13.927000210,1,0
2020-01-17 16:16:13.927000240,1,0
2020-01-17 16:16:20.106000020,-1,0
2020-01-17 16:16:47.104000010,1,0
2020-01-17 16:16:50.259000040,-1,-1
2020-01-17 16:19:25.254000010,1,0
2020-01-17 16:19:37.082000040,-1,-1
2020-01-17 16:44:51.217000020,1,0
2020-01-17 16:45:28.038000010,-1,0
2020-01-17 16:45:28.038000040,-1,0
2020-01-17 16:46:14.917000010,1,-1
2020-01-17 17:14:11.568000010,1,1
2020-01-17 17:15:44.772000010,-1,1
2020-01-17 17:19:18.350000030,1,0
2020-01-17 17:19:18.350000060,1,0
2020-01-17 17:19:24.913000050,-1,1
2020-01-17 17:25:07.305000010,1,-1
2020-01-17 17:30:53.252000030,-1,1
2020-01-20 10:14:46.270000050,1,0
2020-01-20 10:14:46.270000080,1,-1
2020-01-20 10:15:57.319000090,-1,-1
2020-01-20 10:17:50.088000020,1,-1
2020-01-20 10:18:07.816000040,-1,-1
2020-01-20 10:21:47.137000020,1,-1
2020-01-20 10:26:09.485000050,-1,-1
2020-01-20 10:29:03.205000010,1,0
2020-01-20 10:29:16.082000010,-1,1
2020-01-20 10:36:46.035000090,1,0
2020-01-20 10:37:10.063000080,-1,1
2020-01-20 10:44:39.628000010,1,0
2020-01-20 10:44:48.089000010,-1,1
2020-01-20 10:46:03.521000010,1,1
2020-01-20 10:54:01.291000030,-1,-1
2020-01-20 11:16:17.115000010,-1,1
2020-01-20 11:31:54.435000030,1,1
2020-01-20 11:48:12.330000070,1,0
2020-01-20 11:48:22.755000050,-1,0
2020-01-20 11:48:26.406000020,1,0
2020-01-20 11:48:26.406000050,1,-1
2020-01-20 11:50:45.556000020,1,0
2020-01-20 11:50:45.556000050,1,0
2020-01-20 11:50:48.259000010,-1,0
2020-01-20 11:51:38.608000010,1,0
2020-01-20 11:51:40.973000040,-1,1
2020-01-20 12:28:01.402000020,-1,0
2020-01-20 12:28:01.429000020,-1,1
2020-01-20 12:32:29.536000020,1,0
2020-01-20 12:32:29.536000050,1,-1
2020-01-20 15:34:22.655000020,-1,1
2020-01-21 10:15:09.864000010,1,0
2020-01-21 10:15:09.864000040,1,-1
2020-01-21 10:15:20.754000060,-1,1
2020-01-21 10:19:21.536000110,1,1
2020-01-21 10:26:35.312000010,-1,-1
2020-01-21 10:39:53.285000020,1,1
2020-01-21 11:02:04.252000040,-1,1
2020-01-21 11:03:08.424000030,1,1
2020-01-21 11:03:11.358000010,-1,0
2020-01-21 11:03:14.493000010,1,1
2020-01-21 12:03:44.424000020,-1,-1
2020-01-21 12:13:01.211000140,1,1
2020-01-21 12:57:07.003000030,1,0
2020-01-21 12:57:07.004000020,1,0
2020-01-21 12:57:55.423000020,1,0
2020-01-21 12:59:07.828000050,1,0
2020-01-21 12:59:07.873000020,1,0
2020-01-21 13:03:20.617000010,-1,0
2020-01-21 13:03:55.827000030,1,-1
2020-01-21 13:09:10.671000010,-1,-1
2020-01-21 13:12:47.525000030,1,1
2020-01-21 13:12:53.984000010,-1,-1
2020-01-21 13:13:20.169000040,1,0
2020-01-21 13:13:42.032000020,-1,0
2020-01-21 13:14:46.580000010,1,0
2020-01-21 13:15:46.051000010,-1,1
2020-01-21 13:26:39.074000030,1,1
2020-01-21 13:39:33.739000030,1,0
2020-01-21 13:39:49.808000030,-1,-1
2020-01-21 14:27:59.487000010,-1,-1
2020-01-21 14:37:14.562000020,1,1
2020-01-21 14:39:43.163000050,-1,0
2020-01-21 14:39:51.345000100,1,1
2020-01-21 14:53:01.129000020,-1,-1
2020-01-21 14:53:37.378000010,1,1
2020-01-21 15:05:29.055000010,1,0
2020-01-21 15:05:29.057000020,1,0
2020-01-21 15:06:22.480000010,-1,0
2020-01-21 15:06:22.481000020,-1,0
2020-01-21 15:06:26.647000040,1,-1
2020-01-21 15:11:38.171000060,1,0
2020-01-21 15:11:38.243000020,1,0
2020-01-21 15:11:39.933000010,-1,1
2020-01-21 15:50:01.858000030,-1,0
2020-01-21 15:50:50.173000010,1,0
2020-01-21 15:51:13.548000010,-1,0
2020-01-21 15:51:13.570000100,1,-1
2020-01-22 10:14:57.367000020,-1,0
2020-01-22 10:14:57.367000050,-1,1
2020-01-22 10:16:17.188000010,1,1
2020-01-22 10:16:31.672000020,-1,-1
2020-01-22 10:16:38.242000030,1,1
2020-01-22 10:30:41.348000110,-1,-1
2020-01-22 10:58:45.935000010,-1,0
2020-01-22 10:58:45.935000060,-1,1
2020-01-22 10:59:54.482000020,1,0
2020-01-22 11:00:15.759000020,-1,0
2020-01-22 11:00:19.614000040,1,-1
2020-01-22 11:02:15.376000090,-1,1
2020-01-22 11:03:13.517000090,1,-1
2020-01-22 11:06:17.701000060,-1,1
2020-01-22 11:38:18.245000050,-1,0
2020-01-22 11:38:18.245000090,-1,-1
2020-01-22 11:39:14.342000210,1,1
2020-01-22 12:02:02.802000050,-1,1
2020-01-22 12:02:17.292000030,1,1
2020-01-22 12:02:38.499000090,-1,1
2020-01-22 12:03:02.623000010,1,-1
2020-01-22 12:05:00.650000010,-1,-1
2020-01-22 12:07:34.116000030,1,1
2020-01-22 16:30:40.591000010,-1,1
2020-01-22 16:32:08.165000030,1,1
2020-01-22 16:46:41.631000040,-1,1
2020-01-22 16:47:04.439000020,1,0
2020-01-22 16:47:10.031000040,-1,1
2020-01-22 17:03:03.793000010,1,1
2020-01-22 17:05:39.818000060,-1,0
2020-01-22 17:05:45.669000010,1,1
2020-01-22 17:25:26.427000040,1,0
2020-01-22 17:25:26.430000020,1,-1
2020-01-22 17:25:32.618000020,-1,1
2020-01-22 17:25:35.751000060,1,-1
2020-01-22 17:31:28.458000020,-1,1
2020-01-22 17:32:18.634000040,1,-1
2020-01-22 17:55:16.448000130,-1,-1
2020-01-22 17:55:26.775000040,1,0
2020-01-22 17:55:32.498000040,-1,-1
2020-01-23 10:16:41.223000010,1,0
2020-01-23 10:16:43.454000100,1,-1
2020-01-23 10:55:25.013000010,-1,-1
2020-01-23 11:00:33.342000050,-1,0
2020-01-23 11:00:33.440000040,-1,1
2020-01-23 11:00:48.414000050,1,0
2020-01-23 11:00:48.415000020,1,1
2020-01-23 11:07:25.615000010,1,0
2020-01-23 11:07:25.617000020,1,-1
2020-01-23 11:38:16.489000070,-1,0
2020-01-23 11:38:16.489000100,-1,0
2020-01-23 11:38:17.403000030,1,-1
2020-01-23 11:38:26.830000010,-1,-1
2020-01-23 11:38:31.993000050,1,0
2020-01-23 11:38:39.109000030,-1,-1
2020-01-23 11:38:56.717000010,-1,-1
2020-01-23 11:39:00.498000170,1,1
2020-01-23 11:39:17.277000040,1,1
2020-01-23 14:08:46.500000010,1,0
2020-01-23 14:08:46.501000030,1,-1
2020-01-23 14:12:30.258000040,-1,0
2020-01-23 14:12:30.258000070,-1,0
2020-01-23 14:12:39.147000040,1,-1
2020-01-23 14:29:44.075000020,-1,1
2020-01-23 15:24:08.028000070,1,-1
2020-01-23 15:26:46.974000010,-1,1
2020-01-23 15:27:00.430000020,1,-1
2020-01-23 15:30:30.687000010,-1,0
2020-01-23 15:30:41.112000010,1,-1
2020-01-23 15:31:07.364000030,-1,1
2020-01-23 15:32:08.001000150,1,1
2020-01-23 15:37:15.567000030,1,0
2020-01-23 15:37:26.597000080,-1,0
2020-01-23 15:37:30.842000030,1,0
2020-01-23 15:38:29.479000010,1,1
2020-01-23 15:38:47.862000020,-1,0
2020-01-23 15:38:54.614000010,1,-1
2020-01-23 15:39:25.678000030,-1,0
2020-01-23 15:39:25.763000020,-1,-1
2020-01-23 15:49:13.210000090,-1,-1
2020-01-23 16:05:16.390000050,-1,0
2020-01-23 16:05:16.443000020,-1,-1
2020-01-23 16:08:02.410000070,-1,0
2020-01-23 16:08:02.410000100,-1,-1
2020-01-23 16:09:08.217000160,1,0
2020-01-23 16:09:08.314000070,-1,0
2020-01-23 16:09:08.321000020,-1,0
2020-01-23 16:09:12.628000030,1,1
2020-01-24 10:08:06.183000120,-1,0
2020-01-24 10:08:10.148000000,-1,-1
2020-01-24 10:29:10.557000010,-1,0
2020-01-24 10:29:10.572000030,-1,0
2020-01-24 10:30:02.784000020,1,-1
2020-01-24 10:45:05.526000010,-1,-1
2020-01-24 10:45:11.402000030,1,-1
2020-01-24 10:49:12.557000050,-1,-1
2020-01-24 10:51:58.566000010,1,1
2020-01-24 11:09:25.482000120,-1,0
2020-01-24 11:09:32.924000080,-1,0
2020-01-24 11:09:33.464000080,1,-1
2020-01-24 11:10:50.776000010,-1,0
2020-01-24 11:10:56.453000040,1,1
2020-01-24 11:16:38.472000020,-1,0
2020-01-24 11:16:38.671000060,1,0
2020-01-24 11:16:58.392000030,1,-1
2020-01-24 11:19:04.961000110,-1,0
2020-01-24 11:19:06.901000150,-1,-1
2020-01-24 11:20:29.056000030,1,0
2020-01-24 11:20:29.664000020,-1,0
2020-01-24 11:20:34.936000010,1,0
2020-01-24 11:20:37.280000080,-1,0
2020-01-24 11:20:40.594000240,1,-1
2020-01-24 11:20:56.813000010,-1,-1
2020-01-24 11:34:39.040000020,-1,0
2020-01-24 11:34:39.040000060,-1,-1
2020-01-24 11:39:55.062000020,1,0
2020-01-24 11:39:55.068000020,1,1
2020-01-24 12:05:42.231000010,-1,1
2020-01-24 12:50:45.205000010,-1,0
2020-01-24 12:50:45.206000020,-1,1
2020-01-24 12:54:03.289000030,1,0
2020-01-24 12:54:03.289000060,1,1
2020-01-24 12:56:51.979000100,1,1
2020-01-24 13:02:22.471000090,-1,1
2020-01-24 13:06:44.892000030,1,1
2020-01-24 13:09:18.171000060,1,0
2020-01-24 13:09:18.171000090,1,-1
2020-01-24 13:11:30.017000040,-1,0
2020-01-24 13:11:54.786000030,1,-1
2020-01-24 14:07:11.242000010,-1,0
2020-01-24 14:07:15.704000080,1,-1
2020-01-24 14:52:30.167000060,-1,1
2020-01-24 14:53:32.502000010,1,-1
2020-01-24 14:57:23.261000010,-1,-1
2020-01-24 15:23:54.104000030,-1,1
2020-01-24 15:26:25.619000110,-1,0
2020-01-24 15:26:56.568000080,1,-1
2020-01-24 16:12:30.192000020,1,-1
2020-01-24 16:38:37.739000010,-1,0
2020-01-24 16:38:59.364000050,1,0
2020-01-24 16:39:00.899000000,1,1
2020-01-24 17:06:59.617000010,1,-1
2020-01-24 17:18:13.829000060,1,1
2020-01-24 17:19:30.446000010,1,0
2020-01-24 17:19:30.536000000,1,0
2020-01-24 17:19:30.651000070,-1,0
2020-01-24 17:19:30.651000100,-1,0
2020-01-24 17:19:30.748000010,1,0
2020-01-24 17:19:32.280000330,-1,0
2020-01-24 17:19:38.264000010,1,0
2020-01-24 17:19:39.383000000,1,0
2020-01-24 17:19:41.212000110,-1,0
2020-01-24 17:19:52.592000010,1,1
2020-01-24 17:21:29.007000340,-1,-1
2020-01-24 17:24:31.182000010,1,0
2020-01-24 17:25:22.503000020,1,0
2020-01-24 17:25:22.504000030,1,1
2020-01-24 17:25:30.123000160,1,0
2020-01-24 17:25:30.124000020,1,0
2020-01-24 17:25:32.866000010,-1,1
2020-01-24 17:27:28.156000050,1,0
2020-01-24 17:27:28.362000060,-1,1
2020-01-24 17:40:55.605000180,1,-1
2020-01-24 17:44:27.282000040,1,-1
2020-01-24 17:46:34.748000030,1,0
2020-01-24 17:46:34.749000020,1,1
2020-01-24 17:53:54.485000090,-1,1
2020-01-24 17:56:55.288000100,1,0
2020-01-24 17:56:57.333000000,-1,0
2020-01-24 17:56:57.434000040,1,0
2020-01-24 17:56:57.434000070,1,-1
2020-01-24 17:57:50.107000070,-1,0
2020-01-24 17:57:53.605000030,1,1
2020-01-27 10:00:10.230000210,1,0
2020-01-27 10:00:10.230000250,1,0
2020-01-27 10:00:11.150000090,-1,0
2020-01-27 10:00:12.775000000,1,0
2020-01-27 10:00:13.083000330,-1,0
2020-01-27 10:00:14.699000010,1,1
2020-01-27 10:00:36.789000030,1,1
2020-01-27 10:03:38.394000240,1,1
2020-01-27 10:11:55.204000100,1,0
2020-01-27 10:11:55.204000140,1,1
2020-01-27 10:14:14.013000070,1,0
2020-01-27 10:14:14.013000100,1,1
2020-01-27 10:15:08.840000050,1,0
2020-01-27 10:15:08.841000040,1,0
2020-01-27 10:15:10.156000010,-1,0
2020-01-27 10:15:12.586000220,1,-1
2020-01-27 10:16:38.392000010,1,0
2020-01-27 10:16:38.392000040,1,0
2020-01-27 10:16:39.708000020,-1,0
2020-01-27 10:16:39.708000050,-1,0
2020-01-27 10:16:41.026000120,1,0
2020-01-27 10:16:48.514000010,-1,0
2020-01-27 10:16:48.514000040,-1,-1
2020-01-27 10:17:02.582000060,1,0
2020-01-27 10:17:03.190000010,-1,-1
2020-01-27 10:27:09.937000070,-1,0
2020-01-27 10:27:09.937000100,-1,1
2020-01-27 10:50:59.578000010,1,0
2020-01-27 10:50:59.578000040,1,1
2020-01-27 11:11:13.735000020,-1,1
2020-01-27 11:39:52.707000050,-1,1
2020-01-27 11:58:14.955000010,1,-1
2020-01-27 12:01:27.480000010,-1,-1
2020-01-27 12:59:12.326000010,1,-1
2020-01-27 13:41:45.503000020,-1,0
2020-01-27 13:42:10.982000030,1,0
2020-01-27 13:42:21.590000010,-1,-1
2020-01-27 13:57:19.932000040,1,0
2020-01-27 13:58:43.181000010,-1,0
2020-01-27 13:58:47.206000030,1,0
2020-01-27 13:58:55.313000010,1,0
2020-01-27 13:59:31.037000050,-1,0
2020-01-27 13:59:36.085000010,1,0
2020-01-27 13:59:43.665000000,1,1
2020-01-27 15:07:18.627000040,1,0
2020-01-27 15:08:47.321000010,1,1
2020-01-27 15:09:10.468000030,1,-1
2020-01-27 15:09:16.728000010,-1,1
2020-01-27 15:25:59.567000020,-1,-1
2020-01-27 15:41:56.400000040,-1,-1
2020-01-27 16:00:38.185000040,1,0
2020-01-27 16:00:38.201000020,1,1
2020-01-27 16:44:01.453000010,-1,-1
2020-01-27 16:54:40.698000030,1,-1
2020-01-27 17:02:39.059000050,-1,-1
2020-01-27 17:06:28.479000070,-1,-1
2020-01-27 17:16:23.972000020,-1,1
2020-01-27 17:21:15.805000010,-1,1
2020-01-27 17:21:23.251000000,1,0
2020-01-27 17:21:27.330000040,-1,1
2020-01-27 17:26:45.781000010,1,-1
2020-01-27 17:28:27.692000040,-1,0
2020-01-27 17:28:36.634000020,1,0
2020-01-27 17:28:37.551000010,-1,-1
2020-01-27 17:28:52.756000100,1,1
2020-01-27 17:28:53.164000070,1,-1
2020-01-27 17:41:39.306000040,1,0
2020-01-27 17:41:40.427000050,-1,0
2020-01-27 17:41:40.941000070,1,0
2020-01-27 17:41:42.466000230,-1,1
2020-01-27 17:44:35.919000030,1,0
2020-01-27 17:44:35.919000060,1,0
2020-01-27 17:44:37.458000030,-1,1
2020-01-27 17:45:09.416000000,1,0
2020-01-27 17:45:10.633000070,-1,0
2020-01-27 17:45:11.041000000,1,-1
2020-01-27 17:45:42.799000010,-1,-1
2020-01-27 17:57:20.159000050,-1,0
2020-01-27 17:57:20.214000020,-1,-1
2020-01-28 10:00:04.886000420,1,-1
2020-01-28 10:00:05.605000120,-1,0
2020-01-28 10:00:06.744000140,1,1
2020-01-28 10:00:09.229000100,-1,-1
2020-01-28 10:00:21.355000110,-1,0
2020-01-28 10:00:29.091000030,1,0
2020-01-28 10:00:29.806000000,-1,1
2020-01-28 10:01:37.573000020,-1,0
2020-01-28 10:01:37.573000070,-1,-1
2020-01-28 10:05:32.190000010,1,-1
2020-01-28 10:12:14.556000120,-1,1
2020-01-28 10:39:46.227000030,-1,0
2020-01-28 10:39:46.227000060,-1,-1
2020-01-28 10:46:03.648000020,1,1
2020-01-28 11:02:42.044000010,-1,-1
2020-01-28 11:05:14.652000180,-1,0
2020-01-28 11:05:14.652000220,-1,-1
2020-01-28 11:09:15.137000020,1,0
2020-01-28 11:09:15.138000020,1,-1
2020-01-28 11:09:18.283000010,-1,0
2020-01-28 11:09:19.298000100,1,0
2020-01-28 11:09:21.629000070,1,-1
2020-01-28 11:16:06.228000060,-1,1
2020-01-28 11:21:03.955000010,1,-1
2020-01-28 11:21:08.353000180,-1,-1
2020-01-28 11:23:17.616000040,-1,0
2020-01-28 11:23:17.616000070,-1,1
2020-01-28 11:23:27.434000050,1,0
2020-01-28 11:23:30.804000020,-1,0
2020-01-28 11:23:34.061000000,1,-1
2020-01-28 11:24:40.708000080,-1,0
2020-01-28 11:24:40.708000110,-1,-1
2020-01-28 11:34:51.590000130,1,-1
2020-01-28 11:37:50.855000020,-1,0
2020-01-28 11:37:50.939000010,1,0
2020-01-28 11:37:51.059000090,1,1
2020-01-28 11:46:46.046000020,1,0
2020-01-28 11:46:55.639000080,1,1
2020-01-28 11:49:10.873000050,-1,0
2020-01-28 11:49:12.290000010,1,1
2020-01-28 11:51:22.555000060,1,-1
2020-01-28 11:52:23.383000010,1,0
2020-01-28 11:52:23.438000030,1,0
2020-01-28 11:52:24.396000050,-1,0
2020-01-28 11:52:24.523000010,1,0
2020-01-28 11:52:25.657000000,1,0
2020-01-28 11:53:44.325000010,1,0
2020-01-28 11:53:44.326000020,1,0
2020-01-28 11:53:51.089000040,-1,-1
2020-01-28 12:01:21.057000370,-1,-1
2020-01-28 12:02:15.419000060,1,1
2020-01-28 12:03:48.505000020,-1,-1
2020-01-28 12:04:07.810000020,1,1
2020-01-28 12:04:42.299000090,-1,-1
2020-01-28 12:04:55.234000030,1,0
2020-01-28 12:04:59.279000070,-1,0
2020-01-28 12:04:59.999000060,1,0
2020-01-28 12:05:14.972000100,-1,1
2020-01-28 12:06:57.107000020,1,-1
2020-01-28 14:05:03.482000010,-1,1
2020-01-28 14:30:51.555000020,1,1
2020-01-28 14:35:30.928000010,-1,0
2020-01-28 14:35:43.085000010,1,1
2020-01-28 14:42:02.465000080,1,0
2020-01-28 14:42:02.465000110,1,1
2020-01-28 14:43:03.166000060,1,-1
2020-01-28 14:43:05.685000000,1,1
2020-01-28 15:59:42.337000020,-1,0
2020-01-28 15:59:42.338000020,-1,1
2020-01-28 16:26:39.952000030,-1,-1
2020-01-28 16:27:02.503000010,1,1
2020-01-28 16:28:01.989000010,-1,0
2020-01-28 16:28:08.263000010,1,0
2020-01-28 16:28:09.379000020,-1,0
2020-01-28 16:28:13.318000010,1,0
2020-01-28 16:28:39.084000110,-1,0
2020-01-28 16:29:23.143000200,1,0
2020-01-28 16:29:26.384000020,-1,0
2020-01-28 16:29:29.135000050,-1,-1
2020-01-28 16:29:52.808000240,1,-1
2020-01-28 16:30:57.246000000,1,-1
2020-01-28 16:35:27.381000020,-1,1
2020-01-28 16:52:02.449000020,-1,0
2020-01-28 16:52:02.449000050,-1,1
2020-01-28 17:36:55.591000030,-1,0
2020-01-28 17:36:55.591000060,-1,-1
2020-01-28 17:37:53.526000050,1,-1
2020-01-28 17:37:57.484000000,1,0
2020-01-28 17:38:10.446000010,-1,0
2020-01-28 17:38:10.446000040,-1,-1
2020-01-28 17:54:19.321000090,1,1
2020-01-28 17:54:50.192000070,-1,-1
2020-01-28 17:57:26.234000090,1,0
2020-01-28 17:57:28.148000000,-1,1
2020-01-28 18:05:22.534000690,-1,1
2020-01-29 10:06:10.371000170,-1,-1
2020-01-29 11:12:40.711000110,1,0
2020-01-29 11:12:41.316000000,1,0
2020-01-29 11:12:45.156000020,-1,0
2020-01-29 11:12:56.997000040,1,0
2020-01-29 11:12:59.728000010,1,0
2020-01-29 11:13:02.058000010,-1,0
2020-01-29 11:13:03.980000130,1,0
2020-01-29 11:13:03.982000020,1,-1
2020-01-29 11:13:11.253000010,-1,1
2020-01-29 11:29:35.410000010,1,0
2020-01-29 11:30:41.647000020,-1,-1
2020-01-29 11:30:57.479000060,1,0
2020-01-29 11:31:04.690000020,-1,0
2020-01-29 11:31:08.937000010,1,0
2020-01-29 11:31:08.951000020,1,0
2020-01-29 11:31:12.707000090,-1,-1
2020-01-29 11:31:28.152000020,1,-1
2020-01-29 11:39:34.738000010,1,0
2020-01-29 11:39:44.106000040,-1,-1
2020-01-29 11:41:06.697000030,1,0
2020-01-29 11:41:07.870000100,-1,1
2020-01-29 11:51:34.867000080,1,-1
2020-01-29 11:51:53.532000000,-1,0
2020-01-29 11:52:06.106000020,1,0
2020-01-29 11:52:19.552000000,1,0
2020-01-29 11:52:25.646000030,-1,0
2020-01-29 11:53:16.700000010,1,0
2020-01-29 11:53:19.730000000,-1,1
2020-01-29 12:14:30.179000010,1,0
2020-01-29 12:14:34.623000030,-1,-1
2020-01-29 12:52:42.015000010,1,0
2020-01-29 12:52:42.319000050,-1,0
2020-01-29 12:52:42.320000020,-1,0
2020-01-29 12:53:06.435000030,1,0
2020-01-29 12:53:10.816000020,-1,-1
2020-01-29 13:01:45.034000010,-1,0
2020-01-29 13:01:45.034000060,-1,-1
2020-01-29 13:10:02.893000050,1,0
2020-01-29 13:10:02.894000020,1,1
2020-01-29 14:35:23.205000050,-1,0
2020-01-29 14:35:25.844000040,1,-1
2020-01-29 14:55:56.253000010,-1,-1
2020-01-29 15:03:21.752000020,-1,0
2020-01-29 15:03:23.072000070,-1,0
2020-01-29 15:03:36.842000020,1,0
2020-01-29 15:03:37.149000020,-1,1
2020-01-29 17:37:29.982000030,-1,0
2020-01-29 17:37:30.326000030,-1,-1
2020-01-29 17:39:14.121000020,-1,0
2020-01-29 17:39:14.121000050,-1,1
2020-01-30 10:00:02.913000450,1,0
2020-01-30 10:00:02.914000020,1,1
2020-01-30 10:00:21.531000020,-1,0
2020-01-30 10:00:21.534000020,-1,0
2020-01-30 10:00:22.644000100,1,1
2020-01-30 10:00:30.042000050,-1,-1
2020-01-30 10:11:53.347000090,1,0
2020-01-30 10:11:53.446000010,-1,-1
2020-01-30 10:12:10.836000000,-1,0
2020-01-30 10:12:10.941000070,1,-1
2020-01-30 10:14:24.132000020,-1,0
2020-01-30 10:14:28.887000010,1,-1
2020-01-30 10:14:50.547000030,-1,1
2020-01-30 10:15:04.607000050,1,-1
2020-01-30 10:42:06.009000010,-1,-1
2020-01-30 11:09:35.577000020,-1,0
2020-01-30 11:09:35.577000050,-1,1
2020-01-30 11:13:36.657000100,1,0
2020-01-30 11:13:36.658000020,1,0
2020-01-30 11:13:37.166000050,-1,0
2020-01-30 11:13:37.167000020,-1,0
2020-01-30 11:13:58.185000010,1,-1
2020-01-30 11:27:29.755000040,1,0
2020-01-30 11:27:33.714000050,-1,1
2020-01-30 11:29:03.080000030,1,0
2020-01-30 11:29:03.687000050,-1,-1
2020-01-30 12:06:01.237000020,1,0
2020-01-30 12:06:02.133000010,-1,0
2020-01-30 12:06:02.235000020,1,0
2020-01-30 12:06:10.556000010,-1,0
2020-01-30 12:06:11.164000030,1,0
2020-01-30 12:06:11.266000010,-1,0
2020-01-30 12:06:19.565000000,-1,-1
2020-01-30 12:20:32.523000020,1,-1
2020-01-30 12:23:57.854000010,-1,0
2020-01-30 12:24:00.481000040,-1,1
2020-01-30 12:34:38.851000010,1,0
2020-01-30 12:34:39.054000010,-1,0
2020-01-30 12:34:43.204000020,1,0
2020-01-30 12:34:43.204000050,1,1
2020-01-30 12:52:42.677000040,1,0
2020-01-30 12:52:42.677000080,1,-1
2020-01-30 12:54:17.480000040,-1,-1
2020-01-30 14:07:18.608000070,-1,0
2020-01-30 14:07:25.187000000,-1,1
2020-01-30 14:37:08.430000060,-1,0
2020-01-30 14:37:08.431000030,-1,-1
2020-01-30 15:03:45.909000090,1,0
2020-01-30 15:03:46.115000020,-1,0
2020-01-30 15:03:46.216000010,1,0
2020-01-30 15:03:49.132000020,1,0
2020-01-30 15:03:49.537000020,-1,0
2020-01-30 15:03:49.638000020,1,0
2020-01-30 15:03:49.739000020,-1,0
2020-01-30 15:03:49.840000020,1,0
2020-01-30 15:03:49.850000020,-1,0
2020-01-30 15:03:50.042000010,1,1
2020-01-30 15:54:57.177000030,-1,-1
2020-01-30 15:57:28.630000020,1,0
2020-01-30 15:57:29.136000030,-1,0
2020-01-30 15:57:36.234000020,-1,1
2020-01-30 17:37:46.793000080,1,0
2020-01-30 17:37:47.214000040,-1,0
2020-01-30 17:37:47.316000020,1,0
2020-01-30 17:37:53.727000010,-1,0
2020-01-30 17:37:53.829000000,1,-1
2020-01-30 17:38:04.795000020,-1,0
2020-01-30 17:38:04.917000020,1,0
2020-01-30 17:38:04.917000050,1,0
2020-01-30 17:38:15.183000020,-1,0
2020-01-30 17:38:19.041000020,1,0
2020-01-30 17:38:28.052000010,-1,-1
2020-01-30 17:40:25.594000060,1,0
2020-01-30 17:40:39.976000010,-1,0
2020-01-30 17:40:46.580000000,-1,0
2020-01-30 17:40:51.632000010,1,-1
2020-01-30 17:41:27.414000020,-1,-1
2020-01-30 17:43:58.602000020,1,-1
2020-01-30 17:44:05.014000020,-1,0
2020-01-30 17:44:12.198000020,1,0
2020-01-30 17:44:12.198000050,1,1
2020-01-30 17:49:22.008000040,-1,1
2020-01-30 17:50:23.606000110,1,1
2020-01-31 10:02:43.796000060,1,0
2020-01-31 10:02:43.867000030,1,0
2020-01-31 10:02:48.020000010,-1,-1
2020-01-31 10:03:01.394000010,1,-1
2020-01-31 10:03:26.155000050,-1,-1
2020-01-31 11:15:14.713000050,-1,0
2020-01-31 11:15:14.744000020,-1,-1
2020-01-31 11:15:53.251000180,1,0
2020-01-31 11:15:53.351000010,-1,1
2020-01-31 11:16:08.677000010,-1,0
2020-01-31 11:16:11.997000020,1,1
2020-01-31 11:20:56.592000050,-1,0
2020-01-31 11:21:03.366000000,-1,0
2020-01-31 11:21:09.622000030,1,0
2020-01-31 11:21:18.719000010,1,1
2020-01-31 11:47:20.217000060,1,0
2020-01-31 11:47:22.945000010,1,-1
2020-01-31 11:50:56.574000010,-1,0
2020-01-31 11:50:56.777000020,1,0
2020-01-31 11:50:56.879000000,-1,0
2020-01-31 11:50:57.181000040,1,0
2020-01-31 11:50:57.990000000,-1,1
2020-01-31 11:51:27.025000130,1,1
2020-01-31 12:22:23.976000050,-1,0
2020-01-31 12:23:23.141000010,1,1
2020-01-31 12:23:35.700000030,-1,0
2020-01-31 12:24:05.034000000,1,1
2020-01-31 12:41:44.114000010,1,0
2020-01-31 12:41:57.830000000,1,0
2020-01-31 12:42:23.034000070,-1,0
2020-01-31 12:42:23.034000100,-1,-1
2020-01-31 12:47:55.525000010,1,0
2020-01-31 12:48:01.180000020,1,-1
2020-01-31 12:50:07.374000020,-1,0
2020-01-31 12:50:07.374000050,-1,1
2020-01-31 13:30:17.901000040,-1,1
2020-01-31 13:30:56.882000010,1,-1
2020-01-31 13:32:47.239000020,-1,1
2020-01-31 13:35:17.528000010,1,1
2020-01-31 14:06:03.087000010,1,0
2020-01-31 14:06:06.108000000,1,0
2020-01-31 14:06:50.669000040,-1,0
2020-01-31 14:07:16.734000020,1,0
2020-01-31 14:07:17.541000020,-1,-1
2020-01-31 14:10:49.571000050,1,0
2020-01-31 14:10:49.664000030,-1,-1
2020-01-31 17:36:44.071000050,-1,-1
2020-01-31 17:36:55.126000090,1,1
